Daily Time Spent on Site,Age,Area Income,Daily Internet Usage,Ad Topic Line,Male,Timestamp,Region,Clicked on Ad
68.95,35.0,61833.9,,Cloned 5thgeneration orchestration,0.0,2016-03-27 00:53:11,North America,0.0
80.23,,68441.85,193.77,Monitored national standardization,1.0,2016-04-04 01:39:02,Europe,0.0
,26.0,59785.94,236.5,Organic bottom-line service-desk,0.0,2016-03-13 20:35:42,Europe,0.0
74.15,,54806.18,,Triple-buffered reciprocal time-frame,1.0,2016-01-10 02:31:19,,0.0
68.37,,,225.58,Robust logistical utilization,0.0,2016-06-03 03:36:18,,0.0
59.99,23.0,59761.56,,Sharable client-driven software,1.0,,Europe,0.0
88.91,33.0,,208.36,,0.0,,Europe,
66.0,48.0,,131.76,Reactive local challenge,1.0,2016-03-07 01:40:15,North America,1.0
74.53,30.0,68862.0,221.51,Configurable coherent function,1.0,2016-04-18 09:33:42,North America,
69.88,,55642.32,183.82,,,2016-07-11 01:42:51,,0.0
47.64,49.0,45632.51,122.02,,0.0,2016-03-16 20:19:01,,1.0
83.07,37.0,62491.01,230.87,Team-oriented grid-enabled Local Area Network,1.0,2016-05-08 08:10:10,Europe,0.0
69.57,48.0,51636.92,113.12,Centralized content-based focus group,1.0,2016-06-03 01:14:41,Europe,
79.52,24.0,51739.63,214.23,Synergistic fresh-thinking array,0.0,2016-04-20 21:49:22,Asia,0.0
42.95,33.0,,143.56,Grass-roots coherent extranet,,2016-03-24 09:31:49,Asia,1.0
63.45,,52182.23,140.64,Persistent demand-driven interface,1.0,2016-03-09 03:41:30,Asia,1.0
,37.0,23936.86,129.41,Customizable multi-tasking website,0.0,2016-01-30 19:20:41,,1.0
82.03,,71511.08,187.53,Intuitive dynamic attitude,0.0,,Europe,
,36.0,31087.54,118.39,Grass-roots solution-oriented conglomeration,1.0,2016-02-13 07:53:55,North America,1.0
74.58,40.0,23821.72,,Advanced 24/7 productivity,1.0,,Europe,
77.22,30.0,64802.33,,Object-based reciprocal knowledgebase,,2016-01-05 07:52:48,Europe,0.0
84.59,35.0,60015.57,226.54,Streamlined non-volatile analyzer,1.0,2016-03-18 13:22:35,North America,0.0
,,32635.7,164.83,Mandatory disintermediate utilization,0.0,2016-05-20 08:49:33,Europe,1.0
,36.0,61628.72,,Future-proofed methodical protocol,1.0,2016-03-23 09:43:43,Europe,0.0
41.39,41.0,68962.32,167.22,,,,Europe,1.0
78.74,28.0,64828.0,204.79,Public-key foreground groupware,1.0,2016-05-27 15:25:52,,0.0
48.53,,38067.08,,Ameliorated client-driven forecast,1.0,2016-02-08 10:46:14,Asia,1.0
51.95,,58295.82,,Monitored systematic hierarchy,,2016-07-19 08:32:10,,1.0
70.2,34.0,32708.94,119.2,,,2016-04-14 05:08:35,,1.0
76.02,22.0,46179.97,209.82,Business-focused value-added definition,0.0,,Asia,0.0
67.64,35.0,51473.28,267.01,Programmable asymmetric data-warehouse,1.0,2016-07-02 20:23:15,Europe,0.0
,28.0,45593.93,207.48,,1.0,2016-03-01 22:13:37,Asia,0.0
59.05,57.0,25583.29,169.23,,1.0,,North America,1.0
55.6,23.0,30227.98,212.58,Multi-layered 4thgeneration knowledge user,0.0,2016-01-14 14:00:09,,
,,45580.92,133.81,Synchronized dedicated service-desk,1.0,,,1.0
,,61389.5,201.58,,0.0,2016-04-12 03:26:39,,0.0
62.26,53.0,56770.79,,Profound stable product,1.0,2016-04-07 15:18:10,North America,1.0
,39.0,76435.3,,,0.0,2016-02-09 05:28:18,Europe,0.0
,46.0,,,Persevering needs-based open architecture,1.0,2016-05-07 17:11:49,,
,39.0,27508.41,162.08,Intuitive exuding service-desk,0.0,2016-03-11 06:49:10,Europe,
84.98,29.0,57691.95,202.61,,0.0,2016-04-27 09:27:58,Europe,0.0
64.24,30.0,59784.18,252.36,Front-line intermediate database,0.0,2016-04-16 11:53:43,Europe,0.0
82.52,32.0,66572.39,198.11,Persevering exuding system engine,1.0,,Europe,0.0
81.38,31.0,64929.61,,Balanced dynamic application,,2016-02-08 00:23:38,North America,0.0
80.47,25.0,57519.64,204.86,Reduced global support,0.0,2016-02-11 13:26:22,,0.0
37.68,52.0,53575.48,,Organic leadingedge secured line,,2016-02-17 13:16:33,Europe,1.0
69.62,20.0,50983.75,202.25,Business-focused encompassing neural-net,1.0,2016-02-26 22:46:43,,0.0
85.4,43.0,,198.72,Triple-buffered demand-driven alliance,0.0,2016-06-08 18:54:01,Asia,
44.33,,52723.34,123.72,Visionary maximized process improvement,1.0,2016-01-08 09:32:26,Asia,1.0
48.01,46.0,54286.1,,Centralized 24/7 installation,0.0,2016-04-25 11:01:54,Europe,1.0
73.18,23.0,61526.25,196.71,Organized static focus group,1.0,,Asia,0.0
79.94,28.0,58526.04,225.29,Visionary reciprocal circuit,0.0,2016-05-03 21:19:58,Asia,
,,,193.58,Pre-emptive value-added workforce,1.0,,North America,1.0
50.33,50.0,62657.53,,Sharable analyzing alliance,1.0,2016-03-02 04:57:51,North America,1.0
62.31,,62722.57,119.3,Team-oriented encompassing portal,0.0,2016-02-14 07:36:58,,
80.6,,67479.62,177.55,Sharable bottom-line solution,,,Europe,0.0
65.19,36.0,75254.88,150.61,Cross-group regional website,0.0,2016-02-17 11:42:00,,1.0
,49.0,52336.64,129.31,,,,North America,1.0
77.63,29.0,56113.37,239.22,Upgradable asynchronous circuit,0.0,2016-02-14 17:05:15,,0.0
,41.0,,,Phased transitional instruction set,0.0,,,1.0
85.61,,,183.43,Customer-focused empowering ability,,,,0.0
85.84,,64654.66,192.93,,1.0,2016-06-15 05:30:13,Asia,0.0
72.08,,71228.44,169.5,Stand-alone national attitude,0.0,,North America,0.0
,32.0,61601.05,178.92,,,2016-03-31 20:55:22,,0.0
45.96,45.0,,141.22,Streamlined cohesive conglomeration,0.0,2016-06-03 00:55:23,North America,1.0
62.42,29.0,73910.9,198.5,,,,,0.0
,40.0,,105.22,,0.0,2016-01-08 00:17:27,,1.0
35.33,32.0,51510.18,200.22,Organized client-driven alliance,0.0,2016-06-05 22:11:34,North America,1.0
75.74,25.0,61005.87,215.25,,1.0,2016-01-16 11:35:01,Europe,0.0
78.53,34.0,32536.98,131.72,Synergized multimedia emulation,0.0,2016-04-22 20:10:22,Asia,1.0
46.13,31.0,,,,,2016-02-01 09:00:55,Asia,1.0
69.01,46.0,,222.63,Advanced full-range migration,0.0,2016-07-07 13:37:34,Europe,
,39.0,75509.61,153.17,,1.0,,North America,1.0
33.21,43.0,,167.07,Polarized clear-thinking budgetary management,1.0,2016-05-10 17:39:06,North America,1.0
38.46,42.0,58183.04,145.98,Customizable 6thgeneration knowledge user,1.0,2016-04-06 11:24:21,North America,1.0
64.1,22.0,60465.72,215.93,Seamless object-oriented structure,0.0,2016-04-01 16:21:05,,0.0
49.81,,57009.76,120.06,Seamless real-time array,1.0,,Asia,1.0
82.73,33.0,54541.56,,Grass-roots impactful system engine,1.0,2016-05-20 21:31:24,Asia,
56.14,38.0,32689.04,113.53,,1.0,2016-02-03 07:59:16,Asia,1.0
55.13,45.0,,111.71,Customizable executive software,0.0,2016-02-17 21:55:29,,1.0
78.11,,63296.87,209.25,,1.0,2016-01-30 16:10:04,North America,0.0
73.46,28.0,65653.47,222.75,Innovative executive encoding,1.0,2016-05-15 14:41:49,,
56.64,,61652.53,115.91,Down-sized uniform info-mediaries,,,Asia,1.0
68.94,,30726.26,138.71,Streamlined next generation implementation,0.0,2016-04-19 07:34:28,North America,1.0
70.79,31.0,,184.1,Distributed tertiary system engine,0.0,2016-03-15 15:49:14,,0.0
57.76,41.0,47861.93,105.15,Triple-buffered scalable groupware,0.0,2016-06-12 15:25:44,North America,1.0
77.51,36.0,,,Total 5thgeneration encoding,0.0,,Europe,0.0
52.7,34.0,,118.6,Integrated human-resource encoding,1.0,2016-05-08 12:12:04,Europe,
57.7,34.0,42696.67,109.07,Phased dynamic customer loyalty,,2016-03-14 23:13:11,North America,1.0
56.89,,37334.78,109.29,Open-source coherent policy,1.0,2016-05-25 00:19:57,Asia,1.0
69.9,,71392.53,138.35,,0.0,2016-05-13 11:51:10,North America,1.0
,24.0,59550.05,149.67,Pre-emptive content-based focus group,0.0,2016-02-20 20:47:05,Europe,1.0
70.03,,64264.25,227.72,Versatile 4thgeneration system engine,1.0,2016-05-22 20:49:37,,0.0
50.08,,64147.86,125.85,Ergonomic full-range time-frame,,,Asia,1.0
43.67,31.0,,166.29,Automated directional function,1.0,2016-02-28 06:41:44,Asia,1.0
72.84,26.0,52968.22,238.63,Progressive empowering alliance,0.0,,North America,
,36.0,22473.08,154.02,Versatile homogeneous capacity,1.0,2016-04-19 15:14:58,North America,1.0
39.94,41.0,64927.19,156.3,Function-based optimizing protocol,0.0,2016-01-08 22:47:10,Asia,1.0
35.61,46.0,51868.85,158.22,Up-sized secondary software,0.0,2016-03-28 08:46:26,,
79.71,34.0,69456.83,211.65,Seamless holistic time-frame,1.0,,,0.0
41.49,53.0,31947.65,,Persevering reciprocal firmware,0.0,,,1.0
63.6,23.0,51864.77,235.28,Centralized logistical secured line,,2016-06-01 09:27:34,North America,
89.91,40.0,59593.56,194.23,Innovative background conglomeration,0.0,2016-07-09 14:55:36,Europe,0.0
68.18,21.0,48376.14,218.17,Switchable 3rdgeneration hub,1.0,2016-02-09 22:04:54,,0.0
66.49,20.0,,202.16,,0.0,2016-06-10 11:31:33,,0.0
80.49,40.0,67186.54,,Balanced heuristic approach,,2016-02-14 03:50:52,Asia,
72.23,25.0,46557.92,241.03,Focused 24hour implementation,1.0,2016-07-05 17:17:49,,0.0
42.39,,66541.05,,De-engineered mobile infrastructure,0.0,,Europe,1.0
,30.0,33258.09,,Customer-focused upward-trending contingency,0.0,2016-04-03 05:10:31,Asia,1.0
74.02,32.0,,210.54,,0.0,2016-03-09 14:57:11,North America,0.0
66.63,60.0,,176.98,User-friendly upward-trending intranet,0.0,2016-01-16 23:37:51,North America,1.0
63.24,53.0,65229.13,,Future-proofed holistic superstructure,,2016-07-03 04:33:41,Europe,1.0
,22.0,56067.38,211.87,,,2016-03-14 06:46:14,Asia,0.0
46.13,46.0,37838.72,123.64,Horizontal hybrid challenge,1.0,2016-01-09 05:44:56,Europe,1.0
69.0,32.0,72683.35,221.21,Virtual composite model,1.0,2016-02-11 04:37:34,Europe,
76.99,31.0,56729.78,244.34,Switchable mobile framework,1.0,,North America,0.0
72.6,55.0,66815.54,162.95,Focused intangible moderator,0.0,2016-07-13 16:12:24,Asia,1.0
61.88,42.0,60223.52,,Balanced actuating moderator,1.0,2016-07-23 11:46:28,,1.0
84.45,50.0,29727.79,207.18,Customer-focused transitional strategy,0.0,2016-07-13 04:10:53,,
88.97,45.0,49269.98,152.49,Advanced web-enabled standardization,0.0,2016-06-11 18:32:12,North America,1.0
86.19,31.0,57669.41,210.26,Pre-emptive executive knowledgebase,1.0,2016-05-08 12:51:00,Europe,0.0
49.58,26.0,,231.94,Self-enabling holistic process improvement,0.0,2016-04-07 16:02:02,,
77.65,27.0,63274.88,212.79,,0.0,2016-02-04 13:30:32,North America,0.0
37.75,36.0,35466.8,225.24,Polarized dynamic throughput,0.0,2016-02-26 19:48:23,,1.0
62.33,43.0,68787.09,127.11,Devolved zero administration intranet,,2016-06-21 13:15:21,,1.0
79.57,31.0,61227.59,230.93,,,2016-05-17 04:27:31,Europe,0.0
80.31,44.0,,127.07,Cross-platform regional task-force,0.0,2016-04-18 15:54:33,North America,1.0
89.05,45.0,57868.44,206.98,Polarized bandwidth-monitored moratorium,0.0,2016-04-03 10:07:56,Asia,0.0
70.41,,66618.21,223.03,Centralized systematic knowledgebase,,2016-04-04 21:30:46,Asia,0.0
,37.0,73104.47,233.56,Future-proofed grid-enabled implementation,0.0,2016-07-06 16:00:33,,0.0
46.98,50.0,21644.91,175.37,Down-sized well-modulated archive,0.0,2016-05-04 09:00:24,,1.0
41.67,,53817.02,132.55,Realigned zero tolerance emulation,0.0,2016-06-13 18:50:00,,1.0
51.24,,76368.31,,Versatile transitional monitoring,0.0,2016-01-03 16:01:40,North America,1.0
75.7,29.0,67633.44,215.44,Profound zero administration instruction set,0.0,2016-01-14 00:23:10,North America,
43.49,47.0,50335.46,127.83,User-centric intangible task-force,0.0,2016-01-12 10:07:29,North America,1.0
,39.0,17709.98,160.03,Enhanced system-worthy application,1.0,2016-04-16 12:09:25,Europe,1.0
38.37,36.0,41229.16,140.46,Multi-layered user-facing paradigm,0.0,,North America,1.0
38.52,,42581.23,,Customer-focused 24/7 concept,,2016-03-27 23:59:06,,1.0
71.89,,61617.98,,Function-based transitional complexity,1.0,2016-02-03 23:47:56,Asia,0.0
,,70575.6,146.19,,1.0,,North America,0.0
83.86,31.0,,190.25,Up-sized executive moderator,0.0,,,0.0
37.51,,,163.0,Re-contextualized optimal service-desk,1.0,2016-03-21 18:46:41,Europe,1.0
,44.0,65953.76,124.38,,1.0,2016-06-14 11:59:58,,1.0
,44.0,,234.26,,1.0,2016-02-06 23:08:57,North America,0.0
69.08,41.0,77460.07,210.6,Ergonomic client-driven application,0.0,2016-03-12 01:39:19,Europe,
37.47,44.0,,141.89,Realigned content-based leverage,1.0,2016-01-26 03:56:18,,1.0
56.04,49.0,,128.95,Decentralized real-time circuit,1.0,2016-02-07 08:02:31,Asia,
70.92,41.0,49995.63,108.16,Polarized modular function,1.0,2016-05-05 07:58:22,Europe,1.0
49.78,46.0,71718.51,152.24,Enterprise-wide client-driven contingency,0.0,2016-06-29 02:43:29,Europe,1.0
,,,,Diverse modular interface,0.0,2016-04-10 19:48:01,Asia,
58.18,25.0,69112.84,176.28,Polarized analyzing concept,1.0,,Europe,0.0
78.54,,,,,,2016-05-28 20:41:50,Europe,
37.0,48.0,36782.38,158.22,Function-based context-sensitive secured line,1.0,2016-03-24 06:36:52,North America,1.0
65.4,33.0,,247.31,Adaptive 24hour Graphic Interface,0.0,2016-02-12 22:51:08,Asia,0.0
79.52,27.0,,,Automated coherent flexibility,1.0,2016-06-10 10:11:00,Europe,
87.98,38.0,56637.59,222.11,Focused scalable complexity,1.0,2016-03-31 10:44:46,Europe,0.0
44.64,36.0,,127.01,Up-sized incremental encryption,,,Europe,1.0
41.73,28.0,61142.33,202.18,Sharable dedicated Graphic Interface,1.0,2016-01-07 19:16:05,North America,
80.46,,61625.87,,,1.0,,Europe,0.0
75.55,36.0,73234.87,159.24,Managed grid-enabled standardization,0.0,,Asia,1.0
76.32,35.0,74166.24,195.31,Networked foreground definition,,,North America,0.0
82.68,33.0,62669.59,222.77,,1.0,2016-06-20 09:35:02,,0.0
72.01,31.0,57756.89,251.0,Horizontal multi-state interface,0.0,2016-02-29 12:31:57,,0.0
75.83,24.0,58019.64,162.44,,0.0,2016-01-17 15:10:31,Europe,0.0
41.28,50.0,50960.08,140.39,Universal 24/7 implementation,0.0,2016-01-29 03:54:19,North America,1.0
34.66,32.0,48246.6,,Customer-focused multi-tasking Internet solution,0.0,2016-07-14 12:07:10,North America,1.0
,55.0,28271.84,143.42,Vision-oriented contextually-based extranet,0.0,2016-01-10 23:14:30,Asia,1.0
86.06,31.0,53767.12,219.72,Extended local methodology,,,North America,0.0
59.59,,43662.1,,Re-engineered demand-driven capacity,1.0,,,1.0
86.69,34.0,62238.58,,,0.0,2016-05-27 06:19:27,Asia,0.0
43.77,52.0,,138.55,Synergized hybrid time-frame,1.0,2016-01-25 07:39:41,Asia,1.0
71.84,47.0,76003.47,199.79,Advanced exuding conglomeration,,2016-05-08 22:47:18,North America,0.0
,31.0,68094.85,196.23,,0.0,2016-03-19 14:23:45,Europe,0.0
,26.0,,163.05,Right-sized value-added initiative,0.0,2016-07-23 04:37:05,North America,0.0
63.36,48.0,70053.27,137.43,Centralized tertiary pricing structure,0.0,2016-06-23 01:22:43,,1.0
71.74,35.0,72423.97,227.56,Multi-channeled reciprocal artificial intelligence,0.0,2016-07-19 18:06:22,North America,
60.72,44.0,42995.8,105.69,Synergized context-sensitive database,0.0,2016-02-28 18:52:44,,1.0
72.04,22.0,60309.58,199.43,Realigned systematic function,0.0,2016-02-10 06:52:07,Europe,0.0
44.57,31.0,38349.78,133.17,Adaptive context-sensitive application,1.0,2016-03-27 09:11:10,Asia,1.0
85.86,34.0,,208.23,Networked high-level structure,0.0,2016-05-23 02:15:04,Europe,0.0
39.85,38.0,31343.39,,Profit-focused dedicated utilization,0.0,2016-01-03 03:22:15,North America,
,27.0,40763.13,168.34,,0.0,2016-01-04 21:48:38,,1.0
62.95,,,157.04,Polarized tangible collaboration,0.0,2016-05-24 13:30:38,Europe,1.0
67.58,,,255.61,Focused high-level conglomeration,1.0,2016-02-01 19:42:40,,0.0
85.56,29.0,,,Advanced modular Local Area Network,,2016-06-05 13:16:24,North America,0.0
46.88,54.0,,136.64,Virtual scalable secured line,0.0,2016-02-04 08:53:37,,1.0
46.31,57.0,44248.52,153.98,,1.0,2016-03-24 13:37:53,Asia,1.0
,31.0,62572.88,233.65,Inverse asymmetric instruction set,1.0,2016-06-02 21:02:22,Europe,0.0
84.73,30.0,39840.55,,,,2016-02-21 07:42:48,Europe,1.0
39.86,36.0,32593.59,145.85,Total 5thgeneration standardization,,,Europe,
,30.0,,,Sharable grid-enabled matrix,0.0,2016-01-03 05:34:33,,1.0
,35.0,43313.73,106.86,,0.0,2016-03-08 18:00:43,North America,
60.7,49.0,42993.48,,Monitored object-oriented Graphic Interface,,2016-06-19 03:19:44,,1.0
43.67,,,143.79,,1.0,2016-07-21 21:16:35,Europe,1.0
77.2,33.0,49325.48,254.05,Persistent homogeneous framework,1.0,2016-02-12 20:36:40,North America,0.0
71.86,32.0,,116.53,,0.0,2016-05-17 06:14:20,North America,1.0
44.78,45.0,63363.04,137.24,,1.0,2016-07-09 11:04:54,Europe,1.0
78.57,,64045.93,239.32,Exclusive client-driven model,1.0,2016-03-27 02:35:29,Asia,0.0
,31.0,73049.3,201.26,Profound executive flexibility,1.0,,North America,0.0
77.05,27.0,66624.6,191.14,Reduced bi-directional strategy,0.0,2016-01-21 23:48:29,Europe,0.0
66.4,40.0,77567.85,214.42,Digitized heuristic solution,0.0,2016-06-05 00:29:13,North America,0.0
69.35,,53431.35,252.77,Seamless 4thgeneration contingency,1.0,2016-02-13 15:37:36,North America,0.0
35.65,40.0,,172.58,Seamless intangible secured line,1.0,,North America,1.0
70.04,31.0,74780.74,,Intuitive radical forecast,1.0,,,0.0
69.78,29.0,70410.11,218.79,,0.0,2016-05-24 18:35:58,,
,,37345.24,120.9,User-friendly client-server instruction set,0.0,2016-02-11 02:40:02,,1.0
76.9,28.0,66107.84,,Synchronized multimedia model,0.0,2016-04-22 08:31:24,Asia,0.0
84.08,30.0,62336.39,187.36,Face-to-face intermediate approach,1.0,,North America,0.0
59.51,58.0,39132.64,,Assimilated fault-tolerant hub,0.0,2016-06-16 02:01:24,Asia,
40.15,38.0,38745.29,134.88,Exclusive disintermediate task-force,1.0,2016-06-27 18:37:04,North America,1.0
76.81,28.0,65172.22,217.85,Managed zero tolerance concept,1.0,,Asia,0.0
41.89,38.0,,,Compatible systemic function,0.0,,,1.0
76.87,27.0,54774.77,235.35,Configurable fault-tolerant monitoring,1.0,2016-05-29 21:17:10,Europe,0.0
67.28,43.0,,155.8,,1.0,2016-04-03 21:13:46,,1.0
81.98,40.0,65461.92,229.22,,0.0,2016-04-15 11:51:14,North America,0.0
66.01,23.0,34127.21,151.95,Front-line tangible alliance,0.0,2016-06-21 03:14:41,,1.0
61.57,53.0,35253.98,,,1.0,2016-03-14 14:13:05,Asia,
53.3,34.0,,111.94,Self-enabling optimal initiative,0.0,2016-05-06 21:07:31,North America,1.0
34.87,40.0,59621.02,,Configurable logistical Graphical User Interface,0.0,,,
43.6,38.0,20856.54,170.49,Virtual bandwidth-monitored initiative,0.0,2016-01-11 07:36:22,Asia,1.0
77.88,37.0,55353.41,254.57,,0.0,,,0.0
75.83,,67516.07,,,0.0,2016-03-04 10:13:48,Europe,0.0
49.95,39.0,68737.75,136.59,Cloned object-oriented benchmark,0.0,2016-03-24 09:12:52,North America,1.0
,41.0,,154.97,Fundamental fault-tolerant neural-net,0.0,2016-02-14 07:30:24,North America,
89.15,42.0,59886.58,171.07,Phased zero administration success,0.0,2016-04-25 07:30:21,Europe,
78.7,30.0,,133.99,Compatible intangible customer loyalty,0.0,2016-02-10 19:20:51,Europe,
57.35,29.0,41356.31,119.84,Distributed 3rdgeneration definition,0.0,,,1.0
34.86,38.0,,154.75,Pre-emptive cohesive budgetary management,,,Europe,1.0
,31.0,74430.08,199.08,,,2016-07-17 01:58:53,Europe,0.0
76.06,23.0,58633.63,,Diverse multi-tasking parallelism,,2016-04-27 04:28:17,North America,0.0
66.67,33.0,72707.87,,Horizontal content-based synergy,1.0,2016-04-21 20:29:35,Asia,0.0
46.77,32.0,31092.93,136.4,Multi-tiered maximized archive,1.0,2016-03-23 06:00:15,Europe,1.0
62.42,38.0,,143.94,Diverse executive groupware,,2016-07-19 07:59:18,,
,28.0,49309.14,239.52,Synergized cohesive array,,2016-06-26 11:52:18,Asia,1.0
,50.0,,199.25,Versatile dedicated software,1.0,2016-03-30 23:40:52,Asia,
,,40183.75,,Stand-alone reciprocal synergy,,2016-03-16 07:59:37,Europe,1.0
76.77,36.0,,123.51,Universal even-keeled analyzer,0.0,2016-05-04 00:01:33,Asia,1.0
65.65,30.0,,158.05,Up-sized tertiary contingency,,2016-07-02 21:22:23,Europe,0.0
74.32,33.0,62060.11,128.17,,0.0,,North America,1.0
73.27,32.0,67113.46,234.75,Streamlined analyzing initiative,1.0,2016-01-29 20:16:54,North America,0.0
80.03,44.0,24030.06,150.84,Automated static concept,,2016-07-23 14:47:23,North America,1.0
53.68,47.0,56180.93,,Operative stable moderator,1.0,2016-02-16 09:11:27,Europe,1.0
85.84,32.0,,192.85,Up-sized 6thgeneration moratorium,1.0,2016-06-09 21:43:05,Europe,0.0
85.03,30.0,60372.64,204.52,Expanded clear-thinking core,0.0,,Asia,0.0
70.44,,65280.16,178.75,Polarized attitude-oriented superstructure,1.0,2016-06-06 21:26:51,North America,0.0
81.22,,34309.24,223.09,,1.0,,North America,0.0
39.96,,,,Enhanced homogeneous moderator,1.0,,Asia,1.0
57.05,,50278.89,269.96,Seamless full-range website,1.0,2016-01-09 03:45:19,Europe,1.0
42.44,56.0,43450.11,168.27,,0.0,2016-02-10 15:23:17,Asia,1.0
62.2,25.0,25408.21,161.16,Cross-platform multimedia algorithm,,2016-04-24 13:42:15,North America,1.0
,36.0,,222.25,Open-source coherent monitoring,0.0,,Europe,
,45.0,63883.81,119.03,Streamlined logistical secured line,1.0,2016-01-05 09:42:22,Europe,1.0
84.54,33.0,64902.47,204.02,Synchronized stable complexity,1.0,2016-03-02 10:07:43,Asia,0.0
,30.0,66784.81,164.63,Synergistic value-added extranet,1.0,2016-07-21 10:54:35,Europe,1.0
56.7,48.0,62784.85,123.13,Progressive non-volatile neural-net,0.0,2016-01-09 04:53:22,North America,1.0
,28.0,63727.5,201.15,Persevering tertiary capability,,2016-01-06 13:20:01,,0.0
80.91,32.0,61608.23,231.42,Enterprise-wide bi-directional secured line,,,Europe,
40.06,38.0,56782.18,138.68,Organized contextually-based customer loyalty,1.0,2016-06-11 08:38:16,,1.0
83.47,39.0,64447.77,226.11,Total directional approach,0.0,2016-05-15 20:48:40,Europe,0.0
73.84,31.0,42042.95,121.05,Programmable uniform productivity,0.0,2016-06-18 17:23:26,Europe,1.0
74.65,,67669.06,,Robust transitional ability,0.0,,Europe,0.0
,35.0,54875.95,109.77,De-engineered fault-tolerant database,0.0,2016-06-29 13:35:05,Europe,1.0
59.21,35.0,,144.62,Managed disintermediate matrices,1.0,2016-02-02 08:55:26,Europe,
43.02,44.0,,125.22,Configurable bottom-line application,,2016-04-13 05:42:52,North America,
84.04,38.0,50723.67,244.55,Self-enabling didactic pricing structure,0.0,,Europe,0.0
70.66,43.0,63450.96,,Versatile scalable encryption,1.0,2016-02-26 04:57:14,North America,
70.58,26.0,56694.12,136.94,Proactive next generation knowledge user,0.0,2016-02-26 09:18:48,,1.0
72.44,34.0,70547.16,230.14,,0.0,2016-04-15 14:45:48,Europe,0.0
40.17,26.0,47391.95,171.31,Visionary asymmetric encryption,,2016-02-01 14:37:34,,1.0
79.15,26.0,62312.23,203.23,,0.0,2016-01-20 19:09:37,Asia,0.0
44.49,53.0,63100.13,168.0,Business-focused real-time toolset,1.0,2016-04-23 06:28:43,Europe,1.0
73.04,37.0,73687.5,221.79,,,,North America,0.0
76.28,33.0,,,,0.0,2016-02-15 07:55:10,North America,
68.88,37.0,78119.5,,Advanced 5thgeneration capability,0.0,2016-02-09 19:37:52,Asia,0.0
73.1,28.0,,242.37,Universal asymmetric archive,0.0,2016-01-25 07:52:53,,0.0
47.66,29.0,27086.4,156.54,,,,,1.0
87.3,35.0,58337.18,216.87,Triple-buffered regional toolset,0.0,2016-01-09 07:28:16,Asia,0.0
89.34,32.0,50216.01,177.78,Object-based executive productivity,1.0,2016-03-21 21:15:54,Asia,0.0
81.37,,53049.44,156.48,Business-focused responsive website,,2016-02-15 12:25:28,Asia,
81.67,28.0,62927.96,196.76,Visionary analyzing structure,1.0,,Asia,0.0
46.37,52.0,,144.27,,0.0,2016-01-05 00:02:53,Asia,1.0
54.88,24.0,32006.82,148.61,Customizable modular Internet solution,0.0,,Asia,1.0
40.67,35.0,48913.07,133.18,,,2016-05-05 09:28:36,Europe,1.0
71.76,35.0,69285.69,237.39,Customizable zero-defect matrix,0.0,2016-05-26 13:18:30,,0.0
,51.0,53700.57,,Managed well-modulated collaboration,1.0,2016-05-21 01:36:16,Asia,1.0
75.15,22.0,52011.0,212.87,Universal global intranet,1.0,,North America,0.0
,26.0,46339.25,127.26,Re-engineered real-time success,0.0,2016-07-05 18:59:45,,1.0
82.87,,67938.77,213.36,Front-line fresh-thinking open system,0.0,,Europe,0.0
45.05,42.0,,141.36,Digitized contextually-based product,,2016-05-05 11:09:29,,
60.53,,66873.9,167.22,Organic interactive support,0.0,2016-03-25 15:17:39,Asia,1.0
50.52,31.0,72270.88,171.62,Function-based stable alliance,0.0,,,
84.71,32.0,61610.05,,Reactive responsive emulation,0.0,2016-05-29 07:29:27,North America,0.0
55.2,39.0,76560.59,159.46,Exclusive zero tolerance alliance,1.0,2016-05-30 07:36:31,Asia,1.0
,,62667.51,,Enterprise-wide local matrices,,2016-04-17 15:46:03,North America,0.0
71.55,36.0,75687.46,163.99,Inverse next generation moratorium,1.0,2016-07-20 23:08:28,Europe,0.0
,36.0,66744.65,218.97,,1.0,2016-06-29 03:07:51,Europe,0.0
73.95,35.0,67714.82,238.58,Persevering even-keeled help-desk,0.0,,Europe,
72.07,31.0,69710.51,226.45,Grass-roots eco-centric instruction set,0.0,2016-04-16 16:38:35,Asia,
80.39,31.0,66269.49,214.74,Fully-configurable incremental Graphical User Interface,0.0,2016-05-03 08:21:23,Europe,0.0
65.8,25.0,60843.32,231.49,Expanded radical software,1.0,,Europe,
69.97,28.0,55041.6,250.0,Mandatory 3rdgeneration moderator,,2016-05-22 00:01:58,North America,0.0
52.62,50.0,73863.25,176.52,Enterprise-wide foreground emulation,,2016-02-01 20:30:35,Asia,1.0
39.25,39.0,62378.05,152.36,,0.0,2016-01-23 17:39:06,,1.0
,,63336.85,130.83,Right-sized multi-tasking solution,1.0,2016-05-19 03:52:24,North America,
33.52,43.0,,165.56,Vision-oriented optimizing middleware,,2016-05-09 21:54:38,Asia,1.0
79.81,24.0,56194.56,178.85,Proactive context-sensitive project,,2016-05-31 11:44:45,Europe,1.0
84.79,33.0,61771.9,214.53,Managed eco-centric encoding,0.0,,Asia,
82.7,35.0,61383.79,231.07,Visionary multi-tasking alliance,0.0,2016-01-09 15:49:28,Europe,0.0
,32.0,,186.48,Ameliorated tangible hierarchy,0.0,2016-04-18 03:41:56,,0.0
54.92,,23975.35,161.16,,0.0,2016-06-13 13:59:51,,1.0
76.56,34.0,70179.11,221.53,Universal bi-directional extranet,1.0,2016-04-23 08:15:31,North America,0.0
69.74,,66524.8,243.37,Enhanced maximized access,,2016-03-27 16:41:29,Asia,0.0
75.55,,41851.38,169.4,Upgradable even-keeled challenge,0.0,2016-02-19 07:29:30,,1.0
72.19,33.0,61275.18,250.35,Synchronized national infrastructure,1.0,2016-05-19 11:16:59,North America,0.0
84.29,41.0,60638.38,232.54,Re-contextualized systemic time-frame,0.0,2016-01-27 20:47:57,,0.0
73.89,39.0,47160.53,110.68,Horizontal national architecture,0.0,2016-04-20 00:41:53,Asia,1.0
75.84,,48537.18,186.98,,0.0,2016-02-07 07:41:06,Europe,0.0
73.38,25.0,53058.91,236.19,Horizontal transitional challenge,1.0,,North America,0.0
80.72,31.0,68614.98,186.37,Re-engineered neutral success,0.0,2016-04-19 05:15:28,Europe,0.0
,44.0,44174.25,105.0,Adaptive contextually-based methodology,0.0,2016-04-12 14:01:08,,1.0
51.5,,67050.16,,Configurable dynamic adapter,0.0,,,1.0
90.97,37.0,54520.14,180.77,Multi-lateral empowering throughput,,,Europe,0.0
86.78,30.0,54952.42,170.13,,1.0,2016-02-18 23:08:59,,
66.18,35.0,69476.42,243.61,Proactive asymmetric definition,0.0,2016-03-25 08:40:15,Europe,0.0
84.33,41.0,54989.93,240.95,,0.0,2016-03-16 00:28:10,North America,
36.87,,,195.91,Self-enabling incremental collaboration,0.0,2016-01-28 11:50:40,,1.0
34.78,48.0,42861.42,,Exclusive even-keeled moratorium,1.0,2016-03-24 02:01:55,Europe,1.0
,,65883.39,,,,2016-03-03 22:31:16,,
67.05,,65421.39,220.92,Realigned scalable standardization,0.0,2016-02-26 09:54:33,,0.0
41.47,31.0,60953.93,219.79,Secured scalable Graphical User Interface,0.0,2016-07-06 15:56:39,North America,1.0
80.71,26.0,58476.57,200.58,Team-oriented context-sensitive installation,0.0,2016-06-24 05:50:22,Asia,0.0
80.09,31.0,66636.84,214.08,Pre-emptive systematic budgetary management,0.0,2016-05-23 21:00:45,,0.0
,49.0,67430.96,135.24,Fully-configurable high-level implementation,1.0,2016-02-03 19:12:51,,1.0
79.36,34.0,,245.78,,1.0,,Europe,0.0
86.38,40.0,66359.32,,Cross-platform 4thgeneration focus group,1.0,,North America,0.0
,41.0,,142.67,Optional mission-critical functionalities,1.0,2016-07-15 09:08:42,North America,1.0
87.26,35.0,63060.55,184.03,Multi-layered tangible portal,0.0,2016-05-12 04:35:59,Europe,
,28.0,59998.5,233.6,Reduced mobile structure,1.0,2016-01-01 21:58:55,,0.0
74.38,40.0,74024.61,220.05,Enhanced zero tolerance Graphic Interface,,2016-03-13 13:50:25,Asia,0.0
65.9,,60550.66,211.39,De-engineered tertiary secured line,0.0,2016-07-16 14:13:54,Asia,0.0
36.31,,57983.3,168.92,Reverse-engineered well-modulated capability,0.0,2016-04-18 00:49:33,Asia,1.0
72.23,48.0,,115.35,Integrated coherent pricing structure,0.0,2016-07-17 01:13:56,North America,1.0
88.12,38.0,46653.75,230.91,Realigned next generation projection,0.0,2016-02-17 07:05:57,North America,0.0
83.97,28.0,,,,,2016-06-16 02:33:22,Europe,0.0
61.09,26.0,55336.18,131.68,User-friendly well-modulated leverage,1.0,2016-04-09 16:31:15,,
65.77,,42162.9,218.61,Function-based fault-tolerant model,1.0,2016-03-18 17:35:40,Europe,
81.58,25.0,39699.13,199.39,Decentralized needs-based analyzer,0.0,2016-05-11 22:02:17,Europe,
37.87,,56394.82,188.56,Phased analyzing emulation,1.0,2016-05-25 20:10:02,Europe,1.0
76.2,,75044.35,178.51,Multi-layered fresh-thinking process improvement,0.0,2016-02-29 19:26:35,,0.0
60.91,,53309.61,,Upgradable directional system engine,0.0,2016-06-09 14:24:06,North America,1.0
74.49,,58996.12,237.34,,,2016-01-30 16:15:29,,0.0
73.71,23.0,56605.12,211.38,Inverse local hub,1.0,,North America,0.0
78.19,30.0,,228.81,Triple-buffered needs-based Local Area Network,0.0,2016-01-31 06:14:10,Europe,0.0
,44.0,,217.68,,,2016-01-05 16:34:31,Asia,0.0
74.87,52.0,43698.53,126.97,Public-key non-volatile implementation,0.0,2016-05-31 02:17:18,Asia,
,36.0,57737.51,221.98,Synergized coherent interface,,2016-04-21 16:10:50,,
37.45,,31281.01,167.86,Horizontal high-level concept,0.0,2016-04-10 03:30:16,Asia,
,39.0,45800.48,111.59,Reduced multimedia project,0.0,2016-02-09 07:21:25,North America,
51.38,59.0,42362.49,,Object-based modular functionalities,,,North America,1.0
83.4,34.0,,207.87,Polarized multimedia system engine,0.0,2016-05-22 21:54:23,Asia,0.0
,,,150.8,Versatile reciprocal structure,1.0,2016-07-13 07:41:42,,1.0
62.14,41.0,59397.89,110.93,,1.0,,Europe,1.0
79.72,28.0,,,,1.0,2016-05-20 12:17:59,North America,0.0
73.3,36.0,,135.72,Adaptive asynchronous attitude,,2016-01-30 04:38:41,Asia,
69.11,42.0,73608.99,231.48,Face-to-face mission-critical definition,1.0,2016-04-21 12:34:28,Asia,0.0
71.9,54.0,,140.15,Inverse zero tolerance customer loyalty,1.0,2016-04-22 20:32:17,,1.0
,29.0,72325.91,195.36,,1.0,,Europe,0.0
77.07,40.0,44559.43,261.02,Face-to-face analyzing encryption,0.0,2016-03-01 10:01:35,Asia,0.0
,36.0,73207.15,,,0.0,,Europe,0.0
82.07,25.0,46722.07,,Function-based optimizing extranet,1.0,2016-06-20 06:30:06,Asia,0.0
58.6,,45400.5,113.7,,,2016-01-28 07:10:29,Asia,1.0
36.08,45.0,41417.27,151.47,,1.0,2016-07-03 04:11:40,Europe,1.0
79.44,26.0,,206.79,Public-key zero-defect analyzer,0.0,2016-05-15 13:18:34,Europe,
,47.0,,144.71,Proactive client-server productivity,,2016-04-08 22:48:25,Asia,1.0
73.19,25.0,64267.88,203.74,Cloned incremental matrices,1.0,,Asia,
77.6,24.0,58151.87,,,1.0,2016-05-26 15:40:26,North America,0.0
89.0,37.0,,222.26,Devolved regional moderator,,2016-01-26 15:56:55,North America,0.0
69.2,42.0,26023.99,123.8,Balanced value-added database,0.0,2016-06-17 09:58:46,Europe,1.0
67.56,31.0,62318.38,125.45,Seamless composite budgetary management,0.0,2016-04-25 21:15:39,Asia,1.0
81.11,,56216.57,248.19,Total cohesive moratorium,1.0,2016-07-13 11:41:29,Europe,0.0
80.22,30.0,61806.31,224.58,Integrated motivating neural-net,0.0,,North America,0.0
43.63,,51662.24,123.25,Exclusive zero tolerance frame,1.0,2016-03-15 14:06:17,,1.0
77.66,29.0,,,Operative scalable emulation,0.0,2016-06-19 22:08:15,,0.0
,26.0,51975.41,235.99,Enhanced asymmetric installation,,,North America,0.0
49.67,27.0,28019.09,153.69,Face-to-face reciprocal methodology,0.0,2016-05-09 08:44:55,North America,1.0
80.59,37.0,67744.56,224.23,Robust responsive collaboration,0.0,2016-07-21 23:14:35,North America,0.0
83.49,,66574.0,,Polarized logistical hub,1.0,2016-06-03 17:32:47,Asia,0.0
,42.0,30487.48,132.66,Intuitive zero-defect framework,1.0,2016-01-15 19:40:47,Asia,
68.1,,,227.73,Reactive composite project,1.0,2016-02-05 16:50:58,,0.0
63.88,,19991.72,136.85,,0.0,2016-02-29 23:56:06,Asia,
78.83,,66050.63,234.64,Future-proofed responsive matrix,1.0,2016-05-08 12:08:26,Asia,0.0
79.97,,70449.04,216.0,,0.0,2016-07-13 01:48:46,Europe,0.0
80.51,28.0,64008.55,200.28,Robust dedicated system engine,1.0,2016-01-08 02:34:06,Europe,0.0
,26.0,,202.77,,0.0,,Asia,0.0
66.99,47.0,27262.51,124.44,Operative actuating installation,1.0,2016-06-15 11:56:41,Asia,1.0
71.05,20.0,49544.41,204.22,Self-enabling asynchronous knowledge user,1.0,2016-06-13 22:41:45,,
42.05,51.0,,174.55,Configurable 24/7 hub,1.0,2016-06-20 14:20:52,North America,1.0
,28.0,66929.03,219.69,,0.0,2016-04-03 06:17:22,Asia,1.0
76.24,,75524.78,198.32,Managed impactful definition,1.0,2016-05-31 23:42:26,Europe,
77.29,27.0,,201.24,Grass-roots 4thgeneration forecast,1.0,2016-02-15 03:43:55,Asia,0.0
35.98,47.0,,165.52,Focused 3rdgeneration pricing structure,,2016-03-10 23:26:54,,
84.95,34.0,56379.3,230.36,Mandatory dedicated data-warehouse,,,Europe,0.0
39.34,43.0,31215.88,148.93,Proactive radical support,0.0,2016-04-17 21:39:11,Asia,1.0
87.23,29.0,51015.11,202.12,Re-engineered responsive definition,0.0,2016-03-26 19:54:16,North America,0.0
,52.0,46473.14,117.35,Profound optimizing utilization,1.0,2016-06-29 21:39:42,Asia,1.0
81.58,41.0,55479.62,248.16,Cloned explicit middleware,0.0,2016-01-27 17:55:44,North America,
56.34,50.0,68713.7,139.02,Multi-channeled mission-critical success,1.0,,North America,1.0
48.73,27.0,34191.23,142.04,Versatile content-based protocol,0.0,2016-07-09 16:23:33,Asia,
,49.0,51067.54,258.62,Seamless cohesive conglomeration,0.0,,Asia,1.0
35.34,45.0,,152.86,De-engineered actuating hierarchy,0.0,,North America,1.0
48.09,33.0,19345.36,180.42,Balanced motivating help-desk,0.0,2016-05-28 12:38:37,Europe,1.0
78.68,,66225.72,208.05,Inverse high-level capability,0.0,,Europe,0.0
,20.0,38609.2,205.64,Cross-platform client-server hierarchy,,,Europe,
,40.0,,108.15,,,2016-07-16 23:08:54,Asia,1.0
86.63,39.0,,209.64,Face-to-face multimedia success,,2016-04-06 21:20:07,North America,0.0
,43.0,41866.55,129.25,Enterprise-wide incremental Internet solution,1.0,2016-07-05 00:54:11,North America,1.0
71.03,32.0,57846.68,120.85,Advanced systemic productivity,0.0,2016-02-17 23:47:00,,1.0
72.92,,,217.1,Customizable mission-critical adapter,1.0,2016-03-15 17:33:15,Europe,0.0
77.14,24.0,60283.98,184.88,Horizontal heuristic synergy,1.0,2016-01-21 18:51:01,Asia,0.0
60.7,43.0,79332.33,192.6,Multi-tiered multi-state moderator,1.0,2016-06-06 22:41:24,Asia,0.0
34.3,,,160.74,Re-contextualized reciprocal interface,1.0,2016-05-16 14:50:22,,
83.71,45.0,64564.07,220.48,Organized demand-driven knowledgebase,1.0,,Asia,0.0
53.38,35.0,60803.37,,Total local synergy,1.0,2016-03-30 01:05:34,Asia,1.0
,31.0,28387.42,129.33,User-friendly bandwidth-monitored attitude,0.0,2016-06-29 09:04:31,Asia,1.0
43.59,36.0,58849.77,132.31,Re-engineered context-sensitive knowledge user,,2016-05-26 13:43:05,,1.0
60.07,42.0,,120.75,Total user-facing hierarchy,,2016-04-15 10:16:49,North America,1.0
54.43,37.0,75180.2,154.74,,,2016-05-31 09:06:29,North America,1.0
81.99,,61270.14,230.9,,0.0,2016-02-15 14:13:47,,0.0
60.53,29.0,56759.48,123.28,Networked even-keeled workforce,0.0,2016-05-09 10:21:48,Europe,1.0
84.69,31.0,46160.63,231.85,Right-sized transitional parallelism,1.0,2016-07-07 23:32:38,North America,0.0
88.72,32.0,43870.51,211.87,Customer-focused system-worthy superstructure,1.0,2016-01-03 17:10:05,Asia,0.0
88.89,,50439.49,218.8,Balanced 4thgeneration success,1.0,2016-07-17 18:55:38,Asia,0.0
69.58,,28028.74,,Cross-group value-added success,0.0,2016-04-04 18:36:59,Europe,1.0
85.23,36.0,64238.71,212.92,,1.0,2016-02-27 12:34:19,North America,0.0
83.55,,65816.38,,Switchable well-modulated infrastructure,1.0,2016-06-08 20:13:27,,
56.66,42.0,72684.44,139.42,Upgradable asymmetric emulation,0.0,2016-02-20 10:52:51,,1.0
56.39,27.0,38817.4,248.12,Configurable tertiary capability,,2016-03-23 21:06:51,North America,0.0
76.24,27.0,63976.44,,,0.0,2016-06-07 01:29:06,Europe,0.0
57.64,36.0,37212.54,110.25,,1.0,,Asia,1.0
78.18,23.0,52691.79,167.67,Customer-focused full-range neural-net,,2016-06-09 19:32:27,Europe,0.0
46.04,32.0,,147.92,,0.0,2016-05-30 20:07:59,Asia,1.0
79.4,,63966.72,,,0.0,2016-04-01 09:21:14,Europe,0.0
,39.0,52400.88,,Configurable disintermediate throughput,1.0,2016-05-31 06:21:02,,1.0
,38.0,49111.47,109.0,Automated web-enabled migration,1.0,2016-07-03 22:13:19,,1.0
32.84,40.0,41232.89,171.72,Triple-buffered 3rdgeneration migration,0.0,2016-03-10 01:36:19,Europe,1.0
73.72,32.0,52140.04,256.4,Universal contextually-based system engine,1.0,2016-03-18 02:39:26,Europe,0.0
38.1,34.0,60641.09,,Optional secondary access,1.0,2016-05-30 18:08:19,North America,
73.93,44.0,74180.05,218.22,Quality-focused scalable utilization,0.0,2016-02-20 00:06:20,Asia,0.0
51.87,,51869.87,119.65,Team-oriented dynamic forecast,,2016-03-10 22:28:52,Asia,1.0
77.69,22.0,48852.58,169.88,Horizontal heuristic support,,2016-06-21 14:32:32,,0.0
43.41,28.0,,160.73,Customer-focused zero-defect process improvement,,2016-02-05 15:26:37,North America,1.0
55.92,,33951.63,,Focused systemic benchmark,0.0,,Asia,1.0
,34.0,58909.36,239.76,,0.0,2016-01-01 02:52:10,,0.0
83.42,25.0,49850.52,183.42,Advanced heuristic firmware,1.0,2016-03-04 14:10:12,North America,0.0
82.12,52.0,28679.93,,Fully-configurable client-driven customer loyalty,1.0,2016-02-03 10:40:27,North America,1.0
66.17,33.0,69869.66,238.45,Cross-group neutral synergy,0.0,2016-01-20 00:26:15,Europe,0.0
43.01,35.0,48347.64,,Organized 24/7 middleware,0.0,2016-06-11 09:37:52,,1.0
,25.0,45959.86,219.94,Networked stable open architecture,1.0,,Europe,0.0
64.88,42.0,70005.51,129.8,Customizable systematic service-desk,1.0,2016-02-14 22:23:30,North America,1.0
79.82,26.0,51512.66,223.28,Function-based directional productivity,1.0,,Europe,0.0
48.03,40.0,25598.75,134.6,Networked stable array,1.0,2016-06-02 22:16:08,North America,1.0
32.99,45.0,49282.87,177.46,Phased full-range hardware,,2016-04-30 19:42:04,,1.0
74.88,,67240.25,175.17,Organized empowering policy,1.0,2016-04-17 06:58:18,Europe,0.0
36.49,52.0,,,Object-based system-worthy superstructure,1.0,2016-03-09 00:41:46,,1.0
88.04,45.0,62589.84,191.17,Profound explicit hardware,1.0,2016-03-07 20:02:51,,0.0
,33.0,67384.31,151.12,Self-enabling multimedia system engine,1.0,2016-05-26 10:33:00,,
82.38,35.0,25603.93,159.6,,0.0,2016-07-18 01:36:37,North America,
52.68,23.0,39616.0,,Vision-oriented attitude-oriented Internet solution,1.0,2016-07-16 05:56:42,Europe,
65.59,47.0,28265.81,121.81,Digitized disintermediate ability,,2016-03-22 06:41:38,Asia,1.0
65.65,25.0,63879.72,,,,2016-06-03 06:34:44,Asia,0.0
,,70592.81,167.42,Public-key real-time definition,,2016-06-28 09:19:06,Europe,
67.69,37.0,,,,0.0,,,0.0
78.37,24.0,55015.08,207.27,Quality-focused zero-defect budgetary management,0.0,,,0.0
81.46,29.0,51636.12,231.54,Intuitive fresh-thinking moderator,0.0,,Asia,
,31.0,29359.2,141.34,Reverse-engineered 24hour hardware,0.0,2016-06-30 00:19:33,Europe,1.0
75.15,33.0,71296.67,219.49,Synchronized zero tolerance product,,2016-06-19 18:19:38,Europe,0.0
,,46422.76,219.98,Reactive interactive protocol,1.0,2016-01-08 08:08:47,Asia,0.0
44.96,,52802.0,132.71,Focused fresh-thinking Graphic Interface,1.0,2016-01-02 12:25:36,Asia,1.0
39.56,41.0,59243.46,143.13,Ameliorated exuding solution,1.0,2016-05-13 11:57:12,,1.0
39.76,28.0,,,Integrated maximized service-desk,1.0,2016-02-08 14:02:22,,1.0
57.11,22.0,59677.64,207.17,,,,North America,0.0
83.26,40.0,,187.76,Decentralized foreground infrastructure,1.0,2016-01-02 14:36:03,,
69.42,,65791.17,213.38,Quality-focused hybrid frame,,2016-02-13 04:16:08,North America,0.0
50.6,30.0,,129.88,Realigned reciprocal framework,1.0,,Asia,1.0
46.2,37.0,,,Distributed maximized ability,,2016-04-03 11:38:36,,1.0
66.88,35.0,62790.96,119.47,Polarized bifurcated array,1.0,,,1.0
83.97,40.0,66291.67,,Progressive asynchronous adapter,1.0,2016-02-02 11:49:18,North America,0.0
,30.0,,213.75,Business-focused high-level hardware,0.0,2016-03-08 10:39:16,,0.0
35.49,48.0,43974.49,,Fully-configurable holistic throughput,0.0,2016-04-08 14:35:44,Asia,
80.29,31.0,49457.48,244.87,,,2016-06-30 00:40:31,North America,0.0
50.19,40.0,33987.27,117.3,Progressive uniform budgetary management,,2016-03-25 19:02:35,Asia,1.0
,33.0,28210.03,124.54,,,2016-05-12 21:32:06,Asia,1.0
,30.0,,,Reverse-engineered content-based intranet,1.0,2016-03-02 05:11:01,Asia,0.0
59.7,28.0,49158.5,120.25,Expanded zero administration attitude,0.0,2016-05-10 14:12:31,Asia,1.0
67.8,30.0,39809.69,117.75,,1.0,2016-03-03 02:59:37,Asia,1.0
81.59,35.0,65826.53,,Managed disintermediate capability,0.0,2016-07-04 11:03:49,Europe,0.0
81.1,29.0,,216.49,Front-line dynamic model,1.0,2016-07-08 03:47:41,North America,0.0
41.7,39.0,42898.21,126.95,,0.0,2016-05-27 05:35:27,Europe,1.0
73.94,,68333.01,173.49,Function-based incremental standardization,0.0,2016-02-10 13:46:35,,0.0
58.35,,70232.95,,Universal asymmetric workforce,0.0,,Europe,1.0
51.56,46.0,63102.19,124.85,Business-focused client-driven forecast,0.0,2016-01-07 13:58:51,North America,1.0
,37.0,51847.26,253.17,Realigned global initiative,0.0,2016-05-13 14:12:39,Europe,0.0
,26.0,63580.22,228.7,Business-focused maximized complexity,0.0,2016-05-02 00:01:56,North America,0.0
58.21,37.0,47575.44,,Open-source global strategy,0.0,2016-02-07 17:06:35,,1.0
66.12,49.0,39031.89,113.8,Stand-alone motivating moratorium,0.0,2016-02-15 07:27:41,Asia,1.0
80.47,42.0,70505.06,215.18,Grass-roots multimedia policy,1.0,2016-02-21 05:23:28,Asia,0.0
77.05,31.0,62161.26,,Upgradable local migration,,2016-03-20 22:27:25,Asia,0.0
,41.0,61068.26,121.07,,0.0,2016-03-24 09:34:00,North America,
,58.0,49090.51,173.43,Managed client-server access,,2016-04-04 20:01:12,,1.0
79.36,33.0,62330.75,,Cross-platform directional intranet,1.0,2016-01-02 04:50:44,Europe,
57.86,30.0,18819.34,,Horizontal modular success,0.0,2016-07-08 17:14:01,North America,1.0
70.29,,62053.37,231.37,Vision-oriented multi-tasking success,1.0,2016-03-28 19:48:37,Asia,0.0
84.53,33.0,61922.06,215.18,Optional multi-state hardware,1.0,2016-07-11 09:32:53,,0.0
59.13,,49525.37,106.04,,1.0,,Asia,1.0
81.51,41.0,,,Future-proofed modular utilization,0.0,2016-05-19 09:30:12,Asia,0.0
42.94,37.0,56681.65,,,1.0,,North America,1.0
84.81,32.0,43299.63,,,1.0,2016-07-04 23:17:47,North America,
,,,,Team-oriented zero-defect initiative,0.0,2016-02-01 00:52:29,Asia,
59.22,,39131.53,126.39,Polarized 5thgeneration matrix,,2016-01-13 02:39:00,Europe,1.0
35.0,,46033.73,151.25,Fully-configurable context-sensitive Graphic Interface,,,,
,42.0,65856.74,,,0.0,2016-01-01 20:17:49,Europe,1.0
63.26,,54787.37,,,,2016-03-02 04:02:45,,
79.16,32.0,69562.46,202.9,Compatible intermediate concept,1.0,2016-03-30 20:23:48,Europe,0.0
67.94,,68447.17,128.16,Assimilated next generation firmware,0.0,2016-05-01 00:23:13,Asia,
79.91,32.0,,230.18,Total zero administration software,,2016-06-17 03:02:55,Asia,
66.14,41.0,78092.95,165.27,Re-engineered impactful software,0.0,2016-03-23 08:52:31,North America,0.0
43.65,39.0,63649.04,,Business-focused background synergy,0.0,2016-05-08 22:24:27,Europe,1.0
,21.0,60637.62,198.45,Future-proofed coherent budgetary management,1.0,,Europe,0.0
46.61,52.0,27241.11,156.99,,0.0,2016-04-05 05:54:15,North America,
89.37,34.0,42760.22,162.03,Compatible dedicated productivity,1.0,2016-04-16 12:26:31,Europe,
65.1,49.0,59457.52,,Up-sized real-time methodology,1.0,2016-06-01 03:44:42,Asia,
53.44,42.0,42907.89,,Up-sized next generation architecture,1.0,2016-04-04 22:00:15,Asia,1.0
79.53,51.0,46132.18,244.91,Managed 6thgeneration hierarchy,0.0,2016-06-26 04:22:26,Asia,0.0
91.43,,46964.11,209.91,Organic motivating model,1.0,2016-07-07 03:55:01,North America,0.0
,30.0,70377.23,212.38,Pre-emptive transitional protocol,0.0,2016-03-20 08:22:50,,0.0
,32.0,70012.83,208.02,Managed attitude-oriented Internet solution,1.0,,,0.0
76.49,23.0,,181.11,Public-key asynchronous matrix,0.0,2016-03-25 05:05:27,North America,0.0
61.72,26.0,67279.06,218.49,Grass-roots systematic hardware,0.0,2016-02-14 07:15:37,Asia,0.0
84.53,35.0,54773.99,236.29,User-centric composite contingency,,2016-03-26 00:32:02,Asia,0.0
72.03,34.0,70783.94,230.95,Up-sized bi-directional infrastructure,1.0,,North America,0.0
77.47,36.0,,222.91,Assimilated actuating policy,1.0,2016-03-14 03:29:12,Europe,0.0
75.65,39.0,64021.55,,Organized upward-trending contingency,1.0,2016-05-30 02:34:25,Europe,0.0
78.15,,72042.85,194.37,Ergonomic neutral portal,,2016-03-07 22:32:15,Europe,0.0
63.8,38.0,36037.33,,,1.0,,North America,1.0
76.59,,67526.92,211.64,Reverse-engineered maximized focus group,0.0,2016-06-18 05:17:33,Asia,0.0
42.6,55.0,55121.65,168.29,Switchable analyzing encryption,0.0,2016-07-11 18:12:43,Asia,
78.77,28.0,63497.62,211.83,Public-key intangible Graphical User Interface,0.0,2016-01-01 08:27:06,,
83.4,,60879.48,235.01,Advanced local task-force,0.0,2016-04-07 01:57:38,North America,0.0
79.53,33.0,61467.33,,,0.0,2016-02-28 22:02:14,Europe,0.0
73.89,35.0,70495.64,229.99,,,2016-06-26 17:25:55,North America,
,36.0,71222.4,224.9,Multi-layered fresh-thinking neural-net,0.0,2016-01-21 04:30:43,North America,0.0
81.95,31.0,64698.58,208.76,Distributed cohesive migration,,2016-05-01 21:46:37,Asia,0.0
56.39,58.0,32252.38,154.23,Programmable uniform website,0.0,2016-02-14 10:06:49,North America,1.0
,35.0,55316.97,,Object-based neutral policy,1.0,2016-01-27 18:25:42,Europe,
38.35,33.0,47447.89,145.48,Horizontal global leverage,1.0,2016-06-16 20:24:33,Asia,
72.53,37.0,73474.82,,,0.0,2016-07-21 10:01:50,North America,0.0
56.2,,53549.94,114.85,Adaptive uniform capability,1.0,,North America,1.0
,28.0,58576.12,226.79,Total grid-enabled application,,2016-07-20 01:56:33,Europe,0.0
75.42,26.0,63373.7,164.25,Optional regional throughput,1.0,,Asia,0.0
78.64,31.0,60283.47,235.28,Integrated client-server definition,,2016-01-16 17:56:05,,
67.69,44.0,37345.34,109.22,Fundamental methodical support,0.0,,Europe,1.0
,41.0,34886.01,144.69,Synergistic reciprocal attitude,1.0,,,1.0
,44.0,67511.86,251.08,Managed 5thgeneration time-frame,1.0,2016-05-27 18:45:35,,0.0
62.26,,,166.19,Vision-oriented uniform knowledgebase,0.0,2016-05-26 15:40:12,,0.0
64.75,36.0,63001.03,117.66,,0.0,,Asia,1.0
,,61747.98,185.45,,,2016-01-08 19:38:45,North America,0.0
47.9,42.0,48467.68,114.53,Cross-group human-resource time-frame,0.0,2016-02-24 19:08:11,,1.0
,30.0,55130.96,,Business-focused holistic benchmark,0.0,2016-03-10 07:07:31,North America,0.0
64.51,42.0,79484.8,,Virtual 5thgeneration neural-net,1.0,2016-04-29 07:49:01,,0.0
71.28,37.0,67307.43,,Distributed scalable orchestration,1.0,2016-04-10 16:08:09,North America,0.0
,40.0,27964.6,125.65,Realigned intangible benchmark,0.0,2016-04-27 18:25:30,Asia,1.0
,33.0,,240.63,Virtual impactful algorithm,1.0,2016-05-10 04:28:55,,0.0
72.8,35.0,63551.67,,,,2016-01-03 23:21:26,Asia,
74.59,23.0,40135.06,158.35,Phased clear-thinking encoding,1.0,2016-02-15 16:52:04,Asia,1.0
46.66,45.0,49101.67,118.16,,0.0,2016-03-09 02:07:17,,
48.86,,,,Proactive encompassing paradigm,,,North America,1.0
37.05,39.0,49742.83,142.81,Automated object-oriented firmware,1.0,2016-02-03 05:47:09,Europe,1.0
,36.0,63394.41,233.04,,0.0,2016-01-02 09:30:11,North America,0.0
66.89,23.0,64433.99,208.24,Universal incremental array,1.0,2016-01-04 07:28:43,,0.0
68.11,38.0,73884.48,231.21,Reactive national success,0.0,2016-01-07 21:21:50,Europe,0.0
69.15,46.0,36424.94,112.72,Automated multi-state toolset,,,Asia,1.0
65.72,36.0,28275.48,120.12,Managed didactic flexibility,,2016-02-13 13:57:53,,1.0
,27.0,,161.58,Cross-platform neutral system engine,,2016-05-08 10:25:08,North America,1.0
68.6,,68448.94,,,0.0,2016-02-17 18:50:57,Europe,1.0
56.16,25.0,66429.84,164.25,Seamless motivating approach,,,,1.0
78.6,46.0,41768.13,254.59,Enhanced systematic adapter,1.0,,,
78.29,,57844.96,252.07,Networked regional Local Area Network,0.0,2016-01-05 20:58:42,North America,0.0
43.83,45.0,35684.82,129.01,Total human-resource flexibility,0.0,2016-01-29 05:39:16,Europe,1.0
77.31,32.0,62792.43,238.1,Assimilated homogeneous service-desk,0.0,,North America,
,28.0,51171.23,,,0.0,2016-02-23 13:55:48,Europe,
66.77,25.0,58847.07,141.13,Cross-platform zero-defect structure,0.0,2016-07-09 11:18:02,Europe,1.0
,,,,Innovative maximized groupware,0.0,,North America,1.0
73.15,25.0,64631.22,211.12,Face-to-face executive encryption,1.0,,Asia,0.0
82.07,24.0,50337.93,193.97,,,2016-06-14 07:02:09,,0.0
49.84,38.0,67781.31,135.24,Phased hybrid superstructure,,2016-05-18 03:19:03,,1.0
43.97,,68863.95,156.97,User-friendly grid-enabled analyzer,1.0,2016-01-30 09:54:03,Europe,
77.25,27.0,55901.12,231.38,,1.0,2016-04-25 16:58:50,Asia,
74.84,37.0,64775.1,246.44,,1.0,2016-01-14 16:30:38,Asia,0.0
83.53,36.0,67686.16,204.56,Customizable methodical Graphical User Interface,0.0,2016-07-06 05:34:52,Asia,
38.63,48.0,,222.11,Cross-platform logistical pricing structure,,2016-04-07 10:51:05,Europe,1.0
84.0,48.0,46868.53,136.21,Inverse discrete extranet,1.0,2016-04-17 05:08:52,,1.0
52.13,50.0,40926.93,118.27,,,,Asia,1.0
71.83,40.0,22205.74,135.48,Diverse background ability,1.0,2016-02-18 22:42:33,North America,
78.36,24.0,58920.44,196.77,,1.0,,North America,0.0
,35.0,63006.14,,Customizable hybrid system engine,1.0,2016-06-20 04:24:41,,1.0
64.67,51.0,24316.61,,Horizontal incremental website,,2016-02-14 16:33:29,Europe,
,26.0,68348.99,203.84,Front-line systemic capability,0.0,2016-02-27 13:51:44,Asia,0.0
65.22,30.0,66263.37,240.09,,1.0,2016-05-07 15:16:07,North America,
62.06,,63493.6,116.27,Digitized radical array,1.0,2016-03-16 20:10:53,,1.0
84.29,30.0,,160.33,Team-oriented transitional methodology,1.0,2016-06-26 02:06:59,Europe,1.0
32.91,37.0,,,Future-proofed fresh-thinking conglomeration,,2016-07-17 14:26:04,North America,1.0
39.5,,,148.19,Operative multi-tasking Graphic Interface,1.0,2016-01-28 16:42:36,North America,1.0
75.19,31.0,33502.57,245.76,Implemented discrete frame,,2016-06-16 18:04:51,,0.0
76.21,31.0,65834.97,228.94,Ameliorated exuding encryption,,2016-06-19 23:21:38,North America,0.0
67.76,31.0,66176.97,242.59,Programmable high-level benchmark,0.0,2016-05-24 17:42:58,Asia,0.0
40.01,53.0,,161.77,Sharable multimedia conglomeration,0.0,,,1.0
52.7,41.0,41059.64,109.34,Team-oriented high-level orchestration,1.0,2016-01-31 08:50:38,North America,1.0
68.41,38.0,61428.18,259.76,Grass-roots empowering paradigm,0.0,2016-04-30 15:27:22,Asia,0.0
35.55,39.0,,151.18,Robust object-oriented Graphic Interface,0.0,2016-01-13 20:38:35,,1.0
74.54,24.0,57518.73,219.75,,0.0,2016-03-30 16:15:59,,
81.75,24.0,52656.13,190.08,Open-architected web-enabled benchmark,1.0,2016-04-29 18:53:43,Asia,0.0
87.85,31.0,52178.98,210.27,Compatible scalable emulation,1.0,,Asia,0.0
60.23,60.0,46239.14,151.54,,1.0,,North America,1.0
87.97,35.0,48918.55,149.25,Secured secondary superstructure,1.0,2016-03-24 05:38:01,Europe,0.0
78.17,27.0,65227.79,192.27,Automated mobile model,1.0,,Europe,
67.91,23.0,55002.05,146.8,Re-engineered non-volatile neural-net,1.0,2016-01-12 03:28:31,Europe,1.0
,27.0,,191.78,Implemented disintermediate attitude,,2016-04-09 23:26:42,Europe,0.0
41.16,49.0,59448.44,150.83,Configurable interactive contingency,1.0,2016-03-28 09:15:58,North America,1.0
53.54,,47314.45,108.03,Optimized systemic capability,0.0,2016-06-23 11:05:01,,1.0
73.94,26.0,55411.06,,Front-line non-volatile implementation,1.0,2016-01-24 01:53:14,North America,0.0
63.43,29.0,66504.16,236.75,Ergonomic 24/7 solution,1.0,2016-04-15 10:18:55,Europe,0.0
84.59,36.0,47169.14,,,1.0,2016-04-26 13:13:20,Asia,
70.13,31.0,70889.68,224.98,Profit-focused systemic support,,,Europe,0.0
,37.0,55358.88,,Right-sized system-worthy project,0.0,2016-01-18 02:51:13,North America,1.0
58.95,55.0,56242.7,131.29,Proactive actuating Graphical User Interface,1.0,2016-06-20 08:34:46,Europe,1.0
35.76,51.0,45522.44,195.07,Versatile optimizing projection,0.0,2016-07-18 04:53:22,Asia,1.0
59.36,49.0,46931.03,110.84,Universal multi-state system engine,,2016-07-01 01:12:04,North America,
91.1,40.0,55499.69,198.13,,1.0,2016-03-07 22:51:00,North America,0.0
61.04,41.0,75805.12,,Operative didactic Local Area Network,0.0,2016-05-02 15:31:28,North America,1.0
74.06,,40345.49,225.99,,0.0,,Asia,0.0
64.63,45.0,15598.29,158.8,,1.0,2016-06-12 03:11:04,Europe,
81.29,,33239.2,219.72,,0.0,2016-02-15 20:41:05,North America,0.0
76.07,,,235.56,Implemented bottom-line implementation,,,Europe,0.0
75.92,22.0,,182.65,Monitored context-sensitive initiative,0.0,2016-02-26 01:18:44,North America,0.0
,46.0,53185.34,253.48,Pre-emptive client-server open system,,2016-01-11 02:07:14,Europe,0.0
46.14,28.0,,137.97,Seamless bandwidth-monitored knowledge user,1.0,,North America,1.0
44.33,,43386.07,120.63,Ergonomic empowering frame,0.0,2016-01-14 09:27:59,,
46.43,28.0,53922.43,,Reverse-engineered background Graphic Interface,,,Asia,1.0
66.04,27.0,71881.84,199.76,,,2016-03-05 23:02:11,Europe,0.0
84.31,29.0,,,Object-based optimal solution,0.0,2016-01-06 21:43:22,Europe,0.0
83.66,38.0,68877.02,175.14,Profound dynamic attitude,0.0,2016-02-18 03:58:36,Asia,0.0
81.25,33.0,65186.58,222.35,Enhanced system-worthy toolset,1.0,2016-04-16 14:15:55,North America,0.0
85.26,32.0,,,Reverse-engineered dynamic function,1.0,2016-02-24 06:18:11,,
86.53,46.0,46500.11,,Networked responsive application,0.0,2016-06-29 01:19:21,,0.0
,26.0,,224.2,Distributed intangible database,1.0,2016-01-05 06:34:20,Asia,0.0
,43.0,,122.31,Multi-tiered mobile encoding,0.0,2016-07-16 10:14:04,Asia,
,31.0,61840.26,182.84,Optional contextually-based flexibility,1.0,2016-06-17 03:23:13,Asia,0.0
74.71,46.0,37908.29,258.06,,1.0,2016-06-13 11:06:40,Asia,0.0
82.95,39.0,69805.7,201.29,Customer-focused impactful success,0.0,2016-04-05 08:18:45,North America,0.0
76.42,26.0,60315.19,223.16,Open-source optimizing parallelism,1.0,2016-04-17 18:38:14,North America,
,,67323.0,,,0.0,,,
46.28,26.0,50055.33,228.78,Stand-alone eco-centric system engine,1.0,2016-04-18 21:07:28,Asia,
,50.0,43573.66,122.45,User-centric intermediate knowledge user,,2016-06-18 22:31:22,Europe,1.0
71.03,,,150.77,,0.0,2016-03-12 07:18:36,North America,1.0
81.37,33.0,66412.04,215.04,Enhanced regional conglomeration,0.0,2016-01-15 01:20:05,Europe,0.0
58.05,32.0,15879.1,,Total asynchronous architecture,1.0,2016-02-12 10:39:10,North America,
75.0,,63965.16,230.36,Secured upward-trending benchmark,,2016-02-16 02:29:03,Europe,0.0
,31.0,,235.97,Customizable value-added project,0.0,,North America,0.0
52.56,31.0,,,,1.0,2016-04-24 01:48:21,North America,1.0
62.18,33.0,,,Reactive impactful challenge,0.0,2016-05-20 00:00:48,Asia,1.0
77.89,,64188.5,201.54,Switchable multi-state success,0.0,,Asia,0.0
66.08,61.0,58966.22,184.23,Synchronized multi-tasking ability,1.0,2016-01-07 23:02:43,,1.0
89.21,,44078.24,,Fundamental clear-thinking knowledgebase,0.0,2016-07-19 12:05:58,,
49.96,55.0,60968.62,151.94,Multi-layered user-facing parallelism,,2016-04-04 00:02:20,Europe,1.0
77.44,,65620.25,,Front-line incremental access,0.0,2016-06-10 04:21:57,North America,0.0
82.58,,65496.78,225.23,Open-architected zero administration secured line,1.0,2016-03-11 14:50:56,North America,0.0
39.36,29.0,,161.79,Mandatory disintermediate info-mediaries,,,North America,1.0
47.23,38.0,70582.55,149.8,Implemented context-sensitive Local Area Network,1.0,2016-06-22 05:22:58,North America,1.0
87.85,,51816.27,153.01,Digitized interactive initiative,,2016-03-19 08:00:58,North America,0.0
65.57,46.0,23410.75,130.86,,0.0,2016-04-15 15:07:17,Asia,
78.01,,62729.4,200.71,,1.0,,Asia,0.0
44.15,28.0,48867.67,141.96,Proactive secondary monitoring,1.0,2016-01-22 15:03:25,Asia,1.0
,,50971.73,125.2,,1.0,2016-06-25 17:33:35,Asia,1.0
76.83,28.0,67990.84,,,0.0,2016-03-04 14:33:38,Asia,0.0
42.06,34.0,,131.55,,0.0,2016-06-29 02:48:44,Asia,1.0
76.27,27.0,60082.66,226.69,Total coherent superstructure,1.0,2016-06-18 01:42:37,North America,0.0
,37.0,65180.97,247.05,Monitored executive architecture,1.0,,Europe,
,28.0,67301.39,216.24,Front-line multi-state hub,1.0,2016-05-22 15:17:25,Europe,0.0
,,70701.31,,Configurable mission-critical algorithm,0.0,2016-07-22 11:05:10,Asia,0.0
77.5,,60997.84,225.34,,1.0,2016-07-13 14:05:22,,0.0
87.16,33.0,,197.15,Reduced holistic help-desk,0.0,2016-02-11 11:50:26,,0.0
,37.0,50711.68,231.95,,1.0,2016-03-16 20:33:10,,
66.26,47.0,14548.06,179.04,Optional full-range projection,1.0,2016-04-25 19:31:39,North America,
65.15,29.0,41335.84,117.3,Expanded value-added emulation,0.0,2016-07-14 22:43:29,North America,1.0
68.25,33.0,,198.86,Organic well-modulated database,1.0,2016-05-30 08:02:35,Europe,0.0
73.49,38.0,67132.46,244.23,Organic 3rdgeneration encryption,,2016-02-14 11:36:08,Europe,0.0
39.19,54.0,52581.16,173.05,Stand-alone empowering benchmark,,2016-01-23 21:15:57,Europe,1.0
80.15,25.0,55195.61,214.49,Monitored intermediate circuit,0.0,2016-07-18 02:51:19,Europe,0.0
86.76,28.0,,189.91,Object-based leadingedge complexity,0.0,,North America,0.0
73.88,29.0,,233.61,Digitized zero-defect implementation,0.0,2016-01-04 06:37:15,Europe,0.0
58.6,19.0,44490.09,197.93,Configurable impactful firmware,1.0,,North America,0.0
69.77,54.0,57667.99,132.27,Face-to-face dedicated flexibility,0.0,2016-06-01 03:17:50,Europe,1.0
87.27,30.0,51824.01,204.27,Fully-configurable 5thgeneration circuit,1.0,2016-03-06 06:51:23,,1.0
77.65,28.0,66198.66,208.01,Configurable impactful capacity,,2016-02-26 19:35:54,Asia,0.0
76.02,40.0,73174.19,219.55,Distributed leadingedge orchestration,,2016-07-13 14:30:14,North America,
,26.0,56593.8,217.66,Persistent even-keeled application,,2016-06-29 07:20:46,North America,0.0
71.33,23.0,31072.44,169.4,Optimized attitude-oriented initiative,0.0,2016-03-15 06:54:21,Europe,1.0
81.9,41.0,66773.83,225.47,Multi-channeled 3rdgeneration model,,2016-06-11 06:47:55,,0.0
46.89,,72553.94,,Polarized mission-critical structure,1.0,2016-07-17 13:22:43,Europe,1.0
77.8,57.0,43708.88,152.94,Virtual executive implementation,0.0,,,1.0
45.44,,48453.55,119.27,Enhanced intermediate standardization,0.0,2016-05-04 05:01:37,North America,1.0
69.96,31.0,73413.87,214.06,Realigned tangible collaboration,1.0,2016-05-20 12:17:28,Europe,
87.35,35.0,,158.29,Cloned dedicated analyzer,1.0,2016-01-26 02:47:17,,0.0
49.42,53.0,45465.25,128.0,Ameliorated well-modulated complexity,,2016-07-07 18:07:19,Asia,1.0
71.27,,50147.72,216.03,Quality-focused bi-directional throughput,1.0,,North America,0.0
49.19,38.0,61004.51,123.08,Versatile solution-oriented secured line,0.0,2016-05-12 12:11:12,North America,1.0
39.96,,53898.89,,Phased leadingedge budgetary management,1.0,2016-02-28 23:21:22,Asia,
,29.0,59797.64,,,0.0,2016-05-03 16:02:50,North America,
68.95,51.0,74623.27,185.85,Front-line bandwidth-monitored capacity,1.0,2016-03-15 20:19:20,North America,0.0
67.59,,58677.69,113.69,User-centric solution-oriented emulation,,2016-07-23 05:21:39,,1.0
75.71,34.0,,246.06,Phased hybrid intranet,0.0,2016-03-11 10:01:23,North America,0.0
43.07,,60583.02,137.63,Monitored zero administration collaboration,1.0,2016-02-11 20:45:46,Europe,
39.47,43.0,65576.05,163.48,Team-oriented systematic installation,1.0,,North America,1.0
,40.0,73882.91,214.33,,0.0,2016-03-22 19:14:47,North America,0.0
,25.0,50468.36,230.77,Secured uniform instruction set,1.0,2016-05-26 13:28:36,North America,0.0
,,51409.45,234.75,Quality-focused zero tolerance matrices,0.0,2016-06-18 19:10:14,Asia,0.0
67.47,24.0,60514.05,225.05,Multi-tiered heuristic strategy,1.0,,Asia,0.0
81.17,30.0,,,Optimized static archive,1.0,2016-06-03 07:00:36,Asia,0.0
89.66,34.0,52802.58,171.23,Advanced didactic conglomeration,1.0,2016-02-03 15:15:42,North America,0.0
,28.0,,227.37,Synergistic discrete middleware,1.0,2016-05-03 16:55:02,Asia,0.0
65.53,19.0,51049.47,190.17,Pre-emptive client-server installation,,2016-06-20 02:25:12,Europe,
61.87,,66629.61,250.2,Multi-channeled attitude-oriented toolset,1.0,2016-07-10 19:15:52,Europe,0.0
83.16,41.0,70185.06,194.95,Decentralized 24hour approach,0.0,2016-01-04 04:00:35,Europe,0.0
,41.0,43111.41,121.24,,1.0,2016-04-20 16:49:15,,1.0
56.57,26.0,56435.6,,Multi-channeled non-volatile website,0.0,2016-01-23 13:14:18,,
,29.0,,222.87,Distributed bifurcated challenge,0.0,2016-01-04 22:27:25,Europe,
79.8,,57179.91,229.88,Customizable zero-defect Internet solution,1.0,2016-04-08 22:40:55,,0.0
,,41521.28,,,0.0,2016-01-05 11:53:17,Asia,1.0
47.23,43.0,73538.09,,Optimized upward-trending productivity,,2016-03-17 22:24:02,Europe,1.0
82.37,30.0,63664.32,,Open-architected system-worthy ability,0.0,,Europe,0.0
43.63,38.0,61757.12,135.25,,1.0,2016-05-25 19:45:16,Europe,1.0
70.9,28.0,71727.51,190.95,Centralized client-driven workforce,0.0,2016-06-17 23:19:38,,0.0
71.9,29.0,72203.96,193.29,De-engineered intangible flexibility,1.0,2016-04-24 07:20:16,North America,0.0
62.12,37.0,50671.6,105.86,,1.0,,,
67.35,,47510.42,118.69,Sharable secondary Graphical User Interface,0.0,2016-04-28 21:58:25,,1.0
57.99,50.0,,124.58,Innovative homogeneous alliance,0.0,2016-02-12 08:46:15,Europe,1.0
,29.0,59683.16,,Diverse leadingedge website,,2016-07-11 13:23:37,,1.0
49.13,,41097.17,120.49,,0.0,2016-01-29 00:45:19,Europe,1.0
45.11,58.0,39799.73,,Sharable reciprocal project,,2016-01-05 16:26:44,Asia,1.0
54.35,42.0,,,,,2016-06-20 08:22:09,Asia,0.0
61.82,,57877.15,151.93,,1.0,2016-02-06 17:48:28,Asia,1.0
,31.0,59047.91,240.64,Multi-lateral motivating circuit,,2016-06-22 17:19:09,North America,0.0
70.61,28.0,72154.68,190.12,Assimilated encompassing portal,0.0,2016-04-16 05:24:33,Europe,
82.72,31.0,,179.82,,0.0,,,0.0
76.87,36.0,72948.76,212.59,Down-sized bandwidth-monitored core,0.0,2016-07-08 22:30:10,Asia,
65.07,34.0,73941.91,227.53,Monitored explicit hierarchy,1.0,2016-03-11 00:05:48,,0.0
56.93,37.0,57887.64,111.8,Reactive demand-driven strategy,,,Asia,1.0
48.86,35.0,62463.7,,Universal empowering adapter,,2016-01-04 00:44:57,Asia,
36.56,,42838.29,195.89,Team-oriented bi-directional secured line,0.0,2016-01-01 15:14:24,Asia,1.0
85.73,,43778.88,147.75,,1.0,2016-07-10 17:24:51,North America,1.0
75.81,40.0,71157.05,229.19,Inverse zero-defect capability,0.0,2016-03-27 19:50:11,Europe,0.0
,31.0,74159.69,190.84,Multi-tiered real-time implementation,0.0,2016-04-29 13:38:19,,0.0
,54.0,50333.72,,Front-line zero-defect array,,2016-01-08 18:13:43,Asia,1.0
52.35,25.0,33293.78,147.61,,1.0,2016-06-05 07:54:30,North America,
52.84,51.0,38641.2,121.57,,,2016-06-29 10:50:45,North America,1.0
51.58,33.0,49822.78,115.91,Vision-oriented system-worthy forecast,0.0,,North America,1.0
42.32,,63891.29,187.09,Digitized radical architecture,1.0,2016-02-14 04:14:13,Europe,1.0
55.04,42.0,,106.96,Quality-focused optimizing parallelism,1.0,,Asia,1.0
68.58,41.0,,171.54,,1.0,2016-07-06 12:04:29,North America,1.0
85.54,27.0,48761.14,175.43,Right-sized solution-oriented benchmark,1.0,2016-03-31 13:54:51,Europe,0.0
71.14,,69758.31,224.82,Assimilated stable encryption,0.0,2016-06-21 00:52:47,North America,
64.38,19.0,52530.1,180.47,Configurable dynamic secured line,1.0,2016-05-27 05:23:26,North America,0.0
88.85,40.0,58363.12,,,0.0,2016-01-17 18:45:55,North America,0.0
66.79,60.0,60575.99,198.3,Decentralized client-driven data-warehouse,1.0,2016-04-07 20:34:42,North America,1.0
32.6,45.0,48206.04,185.47,Multi-tiered interactive neural-net,0.0,2016-05-02 18:37:01,Asia,1.0
43.88,54.0,31523.09,166.85,,1.0,,Europe,1.0
56.46,26.0,66187.58,151.63,,0.0,2016-04-07 18:52:57,Europe,
72.18,,69438.04,225.02,De-engineered attitude-oriented projection,0.0,,Asia,0.0
,44.0,14775.5,191.26,,0.0,2016-05-19 06:37:38,Asia,1.0
,35.0,68016.9,219.91,Extended grid-enabled hierarchy,0.0,2016-03-28 23:01:24,North America,0.0
67.85,,78520.99,,Reactive tangible contingency,1.0,,North America,1.0
75.55,36.0,31998.72,123.71,Decentralized attitude-oriented interface,1.0,2016-03-12 06:05:12,Europe,1.0
80.46,29.0,56909.3,230.78,Mandatory coherent groupware,0.0,2016-06-04 09:13:29,Europe,0.0
82.69,29.0,,,Fully-configurable eco-centric frame,,2016-05-24 10:16:38,,0.0
35.21,,52340.1,154.0,Advanced disintermediate data-warehouse,,2016-03-25 06:36:53,,
36.37,40.0,47338.94,144.53,Quality-focused zero-defect data-warehouse,1.0,2016-04-22 00:28:18,North America,1.0
74.07,22.0,50950.24,165.43,Cross-group non-volatile secured line,1.0,2016-03-22 04:13:35,,
59.96,33.0,77143.61,197.66,Expanded modular application,,2016-01-14 08:27:04,,1.0
85.62,,57032.36,195.68,Triple-buffered systematic info-mediaries,,2016-04-14 21:37:49,Europe,0.0
40.88,33.0,,136.18,Networked non-volatile synergy,1.0,2016-05-31 17:50:15,Europe,
36.98,31.0,39552.49,167.87,,1.0,2016-03-17 06:25:47,,
,,36884.23,170.04,Front-line actuating functionalities,,2016-04-13 07:07:36,Europe,1.0
56.56,26.0,68783.45,204.47,Compatible composite project,1.0,2016-02-03 22:11:13,Asia,0.0
36.62,32.0,51119.93,,Customer-focused solution-oriented software,1.0,,Europe,1.0
,49.0,,119.86,Inverse stable synergy,0.0,2016-04-07 20:38:02,Europe,1.0
75.64,,,204.82,Pre-emptive well-modulated moderator,,2016-03-15 19:35:19,North America,0.0
79.22,,63429.18,198.79,Intuitive modular system engine,1.0,2016-03-11 12:39:19,Asia,0.0
77.05,34.0,65756.36,236.08,,,2016-05-17 18:06:46,Europe,0.0
,46.0,77871.75,196.17,Assimilated hybrid initiative,,2016-02-28 23:10:32,Europe,0.0
76.2,24.0,47258.59,228.81,Optimized coherent Internet solution,1.0,2016-03-02 06:35:08,,0.0
56.64,29.0,,123.24,Versatile 6thgeneration parallelism,1.0,2016-02-27 08:52:50,Europe,1.0
,34.0,44275.13,111.63,Configurable impactful productivity,1.0,2016-03-14 04:34:35,North America,1.0
50.63,50.0,25767.16,142.23,,0.0,2016-03-10 15:07:44,North America,1.0
,49.0,37605.11,139.32,,0.0,2016-05-01 08:27:12,Asia,1.0
53.92,41.0,25739.09,125.46,Business-focused transitional solution,1.0,2016-06-12 11:17:25,Asia,1.0
83.89,28.0,60188.38,180.88,Ameliorated intermediate Graphical User Interface,1.0,2016-05-28 12:20:15,,0.0
55.32,43.0,67682.32,,Managed 24hour analyzer,0.0,2016-03-18 09:08:39,,1.0
53.22,44.0,44307.18,108.85,Horizontal client-server database,0.0,2016-05-26 06:03:57,North America,1.0
,35.0,25371.52,156.11,Implemented didactic support,1.0,2016-07-06 03:40:17,Asia,1.0
,,23942.61,127.2,Digitized homogeneous core,0.0,2016-04-29 14:10:00,Asia,
43.16,29.0,50666.5,143.04,Robust holistic application,1.0,2016-03-05 20:53:19,North America,1.0
,30.0,50356.06,,Synergized uniform hierarchy,1.0,2016-05-30 08:35:54,Asia,
84.25,32.0,,170.9,Pre-emptive client-driven secured line,1.0,,,0.0
74.18,28.0,69874.18,203.87,Front-line even-keeled website,0.0,,North America,0.0
,34.0,50038.65,232.78,Persistent fault-tolerant service-desk,0.0,2016-07-20 21:53:42,Asia,0.0
80.96,39.0,67866.95,225.0,Integrated leadingedge frame,1.0,2016-01-17 04:12:30,,0.0
36.91,48.0,54645.2,159.69,Ameliorated coherent open architecture,0.0,2016-02-24 07:13:00,Asia,1.0
54.47,,46780.09,,Vision-oriented bifurcated contingency,0.0,2016-03-26 19:37:46,Europe,1.0
81.98,,67432.49,212.88,Up-sized maximized model,,2016-06-04 09:25:27,,0.0
79.6,39.0,73392.28,194.23,Organized global flexibility,0.0,,Asia,0.0
57.51,38.0,,105.71,Re-engineered zero-defect open architecture,0.0,,Asia,1.0
82.3,31.0,56735.83,,Balanced executive definition,0.0,2016-04-16 08:36:08,Europe,0.0
,30.0,51013.37,,Networked logistical info-mediaries,,2016-05-12 20:57:10,Europe,1.0
79.09,32.0,69481.85,209.72,Optimized multimedia website,1.0,2016-05-07 21:32:51,North America,
,,,226.64,Focused coherent success,0.0,2016-06-25 00:33:23,Asia,
83.69,36.0,,192.57,Robust context-sensitive neural-net,0.0,2016-03-23 05:27:35,,
,31.0,59340.99,222.72,Intuitive zero administration adapter,1.0,2016-03-04 13:47:47,Asia,0.0
43.49,45.0,47968.32,124.67,Synchronized full-range portal,0.0,2016-06-14 12:08:10,North America,1.0
,35.0,48758.92,108.27,Integrated encompassing support,0.0,2016-05-11 19:13:42,Asia,
48.46,49.0,61230.03,,Devolved human-resource circuit,,,Asia,
42.51,30.0,54755.71,144.77,Grass-roots transitional flexibility,1.0,2016-01-15 19:45:33,,1.0
42.83,34.0,54324.73,132.38,Vision-oriented methodical support,1.0,2016-04-23 09:42:08,Europe,1.0
,42.0,52177.4,128.98,Integrated impactful groupware,1.0,,North America,
45.99,,,124.61,,,2016-02-27 15:04:52,North America,
68.72,27.0,66861.67,225.97,Fundamental tangible moratorium,,2016-02-23 17:37:46,,0.0
63.11,34.0,63107.88,254.94,Balanced mobile Local Area Network,1.0,2016-03-17 22:59:46,Europe,0.0
49.21,46.0,,115.6,Realigned 24/7 core,0.0,2016-02-28 03:34:35,North America,
55.77,,55942.04,117.33,Fully-configurable high-level groupware,1.0,,North America,1.0
,40.0,33601.84,128.48,Ameliorated discrete extranet,1.0,2016-03-03 20:20:32,North America,
57.82,46.0,48867.36,107.56,Centralized asynchronous portal,,2016-04-06 14:16:52,,1.0
72.46,,56683.32,113.53,,0.0,2016-05-01 09:23:25,North America,1.0
61.88,,38260.89,108.18,Balanced disintermediate conglomeration,0.0,2016-05-30 08:02:27,North America,1.0
78.24,23.0,54106.21,199.29,Sharable value-added solution,,2016-04-04 11:39:51,Asia,0.0
74.61,,71055.22,231.28,,1.0,2016-04-06 23:10:40,Asia,
,37.0,46403.18,224.01,Public-key impactful neural-net,1.0,2016-04-26 21:45:50,Asia,0.0
44.16,42.0,61690.93,,Innovative interactive portal,1.0,,Europe,1.0
55.74,37.0,26130.93,124.34,Networked asymmetric infrastructure,1.0,,North America,
88.82,36.0,58638.75,169.1,Assimilated discrete strategy,,2016-01-30 00:05:37,,0.0
70.39,32.0,47357.39,,Phased 5thgeneration open system,1.0,,Asia,
59.05,52.0,50086.17,,Upgradable logistical flexibility,1.0,2016-04-23 03:46:34,,1.0
78.58,33.0,,250.11,Centralized user-facing service-desk,1.0,2016-04-16 10:36:49,North America,0.0
35.11,35.0,47638.3,158.03,Extended analyzing emulation,1.0,2016-03-11 13:07:30,Asia,1.0
60.39,45.0,38987.42,,Front-line methodical utilization,1.0,,,1.0
81.56,26.0,,213.7,Open-source scalable protocol,1.0,2016-07-13 21:31:14,North America,0.0
,34.0,35764.49,255.57,Networked local secured line,0.0,2016-05-29 18:12:00,North America,1.0
50.87,24.0,62939.5,190.41,Programmable empowering orchestration,0.0,2016-05-10 17:13:47,Asia,1.0
82.8,,,223.2,,1.0,2016-05-07 08:39:47,Europe,
78.51,,59106.12,,Focused web-enabled Graphical User Interface,1.0,2016-01-17 13:27:13,Europe,0.0
37.65,51.0,,161.29,Automated stable help-desk,,2016-03-09 06:22:03,Asia,1.0
83.17,43.0,54251.78,244.4,Managed national hardware,1.0,2016-04-05 18:02:49,North America,0.0
91.37,45.0,51920.49,,Re-engineered composite moratorium,1.0,2016-04-01 07:37:18,North America,1.0
68.25,29.0,70324.8,,Phased fault-tolerant definition,0.0,2016-02-15 16:18:49,North America,0.0
81.32,25.0,52416.18,,Pre-emptive next generation Internet solution,0.0,2016-03-08 05:12:57,North America,0.0
76.64,,66217.31,241.5,Reverse-engineered web-enabled support,1.0,,North America,0.0
74.06,,,246.29,,,2016-06-17 09:38:22,Europe,0.0
39.53,33.0,40243.82,,Intuitive transitional artificial intelligence,1.0,2016-06-01 12:27:17,,
86.58,32.0,60151.77,195.93,Business-focused asynchronous budgetary management,1.0,2016-02-26 23:44:44,Europe,0.0
90.75,40.0,45945.88,216.5,Decentralized methodical capability,0.0,2016-03-11 09:58:32,Europe,0.0
,25.0,,225.76,Synergized intangible open system,1.0,2016-04-28 02:55:10,Asia,
82.41,36.0,65882.81,222.08,,0.0,2016-04-12 04:22:42,Asia,0.0
,27.0,64410.8,171.24,Expanded full-range synergy,,2016-02-10 20:43:38,North America,
76.79,27.0,55677.12,235.94,Open-architected intangible strategy,0.0,,North America,0.0
70.05,33.0,,203.44,,0.0,2016-03-24 17:48:31,,0.0
72.19,32.0,61067.58,250.32,Balanced discrete approach,1.0,2016-04-22 19:45:19,Europe,0.0
77.35,34.0,72330.57,167.26,,,2016-03-09 12:10:08,,0.0
40.34,29.0,,173.75,Object-based motivating instruction set,0.0,2016-03-30 05:29:38,Asia,1.0
67.39,44.0,51257.26,107.19,Realigned intermediate application,0.0,2016-01-24 13:41:38,Asia,1.0
,,77220.42,187.03,Sharable encompassing database,1.0,2016-07-15 09:42:19,Asia,0.0
,43.0,,249.45,Progressive 24/7 definition,0.0,,Europe,0.0
66.03,22.0,59422.47,217.37,Pre-emptive next generation strategy,,2016-05-31 23:32:00,Europe,0.0
47.74,33.0,,,Open-source 5thgeneration leverage,1.0,2016-05-14 14:49:05,North America,1.0
,,58443.99,236.96,Open-source holistic productivity,0.0,2016-01-10 20:18:21,Europe,
,29.0,50820.74,199.62,Multi-channeled scalable moratorium,1.0,2016-02-21 16:57:59,Europe,0.0
41.53,42.0,67575.12,,,0.0,2016-05-23 00:32:54,,1.0
70.92,39.0,,249.81,,,2016-07-21 20:30:06,,0.0
46.84,45.0,34903.67,,Virtual homogeneous budgetary management,0.0,2016-05-15 18:44:50,Asia,1.0
,53.0,43073.78,140.95,Phased zero-defect portal,1.0,2016-06-30 00:43:40,,1.0
52.17,44.0,,115.37,,1.0,,,1.0
,31.0,,205.84,,1.0,,,0.0
54.08,36.0,53012.94,111.02,Innovative cohesive pricing structure,1.0,,,
,31.0,61117.5,238.43,Function-based executive moderator,0.0,2016-04-18 07:00:38,,0.0
,20.0,52563.22,,Digitized content-based circuit,1.0,,North America,1.0
37.74,40.0,65773.49,190.95,Balanced uniform algorithm,,2016-05-27 12:45:37,North America,1.0
,25.0,,241.36,Triple-buffered foreground encryption,,2016-01-12 21:17:15,,0.0
85.37,36.0,66262.59,194.56,Front-line system-worthy flexibility,,2016-01-27 17:08:19,Asia,0.0
80.99,26.0,35521.88,,Centralized clear-thinking Graphic Interface,1.0,2016-06-10 03:56:41,Europe,
,32.0,,235.29,Optimized 5thgeneration moratorium,1.0,2016-04-09 09:26:39,North America,0.0
77.36,,,115.79,Fully-configurable asynchronous firmware,0.0,2016-02-26 06:00:16,Europe,1.0
,37.0,42078.89,108.1,Exclusive systematic algorithm,0.0,2016-02-21 23:07:11,North America,1.0
35.66,45.0,46197.59,,Exclusive cohesive intranet,0.0,2016-04-29 14:08:26,North America,
50.78,51.0,49957.0,122.04,Vision-oriented asynchronous Internet solution,0.0,,Europe,1.0
,38.0,24078.93,203.9,Sharable 5thgeneration access,,2016-07-22 07:44:43,North America,1.0
45.62,43.0,53647.81,,Monitored homogeneous artificial intelligence,,2016-06-26 02:34:15,North America,1.0
84.76,30.0,61039.13,178.69,Monitored 24/7 moratorium,0.0,2016-05-14 23:08:14,Europe,0.0
80.64,26.0,46974.15,221.59,Vision-oriented real-time framework,,2016-05-24 10:04:39,Europe,0.0
75.94,27.0,53042.51,236.96,Future-proofed stable function,1.0,2016-02-16 12:05:45,North America,0.0
37.01,50.0,48826.14,216.01,Secured encompassing Graphical User Interface,0.0,2016-03-20 02:44:13,,1.0
87.18,31.0,58287.86,193.6,Right-sized logistical middleware,0.0,2016-01-31 05:12:44,North America,0.0
56.91,50.0,21773.22,146.44,Team-oriented executive core,0.0,2016-04-01 05:17:28,Europe,1.0
75.24,24.0,,226.49,,0.0,2016-02-25 16:33:24,Asia,0.0
42.84,,27073.27,182.2,Enhanced optimizing website,1.0,2016-03-21 11:02:49,Europe,
67.56,47.0,,109.98,Reduced background data-warehouse,0.0,2016-02-12 05:20:19,Asia,
,42.0,36913.51,160.49,,,2016-06-01 16:10:30,Europe,1.0
87.46,37.0,61009.1,211.56,Synergized grid-enabled framework,1.0,2016-06-16 03:17:45,North America,0.0
,39.0,53041.77,128.62,,,,North America,1.0
34.04,,40182.84,174.88,Reverse-engineered context-sensitive emulation,1.0,,Europe,
54.96,42.0,59419.78,113.75,Public-key disintermediate emulation,,2016-02-28 09:31:31,,1.0
87.14,,58235.21,199.4,,1.0,2016-05-18 01:00:52,,0.0
78.79,32.0,68324.48,215.29,Stand-alone background open system,1.0,,,0.0
,25.0,69646.35,181.25,,1.0,,Asia,
81.05,34.0,54045.39,245.5,Configurable asynchronous application,0.0,2016-05-18 00:07:43,,0.0
55.71,37.0,,112.52,Upgradable 4thgeneration portal,1.0,2016-03-06 23:26:44,Asia,1.0
45.48,49.0,53336.76,,Networked client-server solution,1.0,,Europe,1.0
47.0,56.0,,149.53,Public-key bi-directional Graphical User Interface,0.0,2016-04-29 20:40:21,North America,1.0
59.64,51.0,71455.62,153.12,Re-contextualized human-resource success,1.0,,Europe,
35.98,,43241.88,150.79,Front-line fresh-thinking installation,0.0,2016-06-27 21:51:47,North America,1.0
72.55,22.0,58953.01,202.34,Balanced empowering success,0.0,2016-02-08 07:33:22,Europe,
91.15,38.0,36834.04,184.98,Robust uniform framework,0.0,2016-02-22 07:04:05,Europe,0.0
80.53,29.0,66345.1,187.64,Sharable upward-trending support,0.0,2016-03-21 08:13:24,North America,0.0
,45.0,38645.4,130.84,Assimilated multi-state paradigm,0.0,2016-05-31 00:58:37,North America,
80.94,36.0,60803.0,,Self-enabling local strategy,0.0,2016-01-01 05:31:22,North America,0.0
61.76,34.0,33553.9,,,0.0,2016-05-27 08:53:51,,1.0
63.3,38.0,63071.34,116.19,Polarized intangible encoding,0.0,2016-05-09 07:13:27,Europe,1.0
36.73,34.0,46737.34,149.79,Multi-lateral attitude-oriented adapter,1.0,2016-06-27 01:56:36,North America,1.0
78.41,33.0,,248.23,Multi-lateral 24/7 Internet solution,1.0,2016-06-03 04:51:46,,0.0
,36.0,68305.91,194.62,Profit-focused secondary portal,0.0,2016-02-24 00:44:44,,
63.18,45.0,39211.49,107.92,Reactive upward-trending migration,0.0,2016-03-05 12:03:41,,1.0
50.6,48.0,65956.71,135.67,Customer-focused fault-tolerant implementation,0.0,2016-01-15 22:49:45,,1.0
32.6,38.0,40159.2,190.05,Customizable homogeneous contingency,0.0,2016-02-12 03:39:09,,1.0
,,40478.83,185.46,,1.0,2016-02-19 20:49:27,,0.0
44.72,46.0,40468.53,123.86,Cross-group systemic customer loyalty,1.0,,North America,1.0
78.76,51.0,,162.05,Face-to-face modular budgetary management,0.0,,,1.0
79.51,,34942.26,125.11,,1.0,,North America,1.0
39.3,32.0,48335.2,145.73,,,2016-02-24 04:11:37,,1.0
64.79,30.0,42251.59,,Visionary mission-critical application,0.0,2016-02-17 20:22:49,North America,1.0
,36.0,57330.43,198.24,User-centric attitude-oriented adapter,0.0,2016-02-02 04:57:50,Asia,0.0
72.82,34.0,,191.82,User-centric discrete success,1.0,2016-01-27 16:06:05,Asia,
,31.0,51812.71,154.77,,,2016-05-24 09:50:41,,
59.01,30.0,75265.96,178.75,Focused multimedia implementation,,,North America,1.0
78.96,50.0,69868.48,193.15,Stand-alone well-modulated product,0.0,2016-02-12 01:55:38,Asia,1.0
,,72802.42,,Ameliorated bandwidth-monitored contingency,0.0,2016-01-11 08:18:12,North America,1.0
41.35,27.0,39193.45,162.46,Streamlined homogeneous analyzer,1.0,2016-03-03 03:51:27,North America,1.0
62.79,36.0,18368.57,231.87,Total coherent archive,,,,1.0
,29.0,56129.89,,,0.0,2016-04-22 22:01:21,North America,
,,58996.56,249.99,Virtual context-sensitive support,0.0,2016-05-25 10:39:28,North America,
54.55,44.0,41547.62,109.04,,,,Europe,1.0
35.66,36.0,59240.24,172.57,Implemented uniform synergy,0.0,2016-02-21 20:09:12,,1.0
69.95,28.0,56725.47,,Horizontal even-keeled challenge,0.0,,,0.0
,29.0,55764.43,234.23,Innovative regional groupware,1.0,2016-05-18 19:33:51,Asia,0.0
85.35,37.0,64235.51,161.42,Exclusive multi-state Internet solution,,,North America,0.0
56.78,28.0,,124.32,Mandatory empowering focus group,0.0,2016-06-19 23:04:45,Europe,1.0
78.67,,63319.99,195.56,Proactive 5thgeneration frame,0.0,2016-02-20 09:54:06,North America,0.0
70.09,21.0,54725.87,211.17,Automated full-range Internet solution,0.0,,Europe,
,42.0,69775.75,247.05,,1.0,2016-02-19 13:26:24,Europe,
65.07,24.0,57545.56,233.85,Multi-lateral multi-state encryption,0.0,,North America,0.0
35.25,50.0,47051.02,,Intuitive global website,,2016-01-03 04:39:47,North America,1.0
37.58,52.0,51600.47,176.7,Exclusive disintermediate Internet solution,1.0,2016-04-13 13:04:47,Europe,1.0
,25.0,,188.32,Ameliorated actuating workforce,1.0,2016-01-01 03:35:35,,0.0
45.08,38.0,,,Synergized clear-thinking protocol,0.0,,,1.0
63.04,27.0,69784.85,159.05,Triple-buffered multi-state complexity,0.0,2016-07-10 16:25:56,North America,1.0
40.18,29.0,,151.96,Enhanced intangible portal,0.0,2016-06-25 04:21:33,Asia,1.0
45.17,48.0,34418.09,132.07,Down-sized background groupware,1.0,2016-01-27 14:41:10,Asia,1.0
50.48,50.0,,162.43,Switchable real-time product,0.0,2016-05-16 18:51:59,Europe,1.0
80.87,28.0,63528.8,203.3,Ameliorated local workforce,0.0,2016-02-27 20:20:25,North America,0.0
41.88,40.0,44217.68,126.11,Streamlined exuding adapter,1.0,2016-02-28 23:54:44,Asia,1.0
39.87,48.0,47929.83,139.34,,1.0,,Europe,1.0
61.84,45.0,46024.29,105.63,Reactive bi-directional standardization,1.0,2016-05-05 11:07:13,Asia,1.0
54.97,31.0,51900.03,116.38,Virtual bifurcated portal,1.0,,,1.0
71.4,,72188.9,166.31,Integrated 3rdgeneration monitoring,0.0,2016-05-24 17:07:08,Europe,0.0
,,56974.51,254.65,Balanced responsive open system,1.0,2016-03-30 14:36:55,Asia,0.0
,57.0,25682.65,168.41,Focused incremental Graphic Interface,1.0,2016-05-27 05:54:03,Asia,
76.58,,41884.64,258.26,Secured 24hour policy,0.0,2016-01-03 16:30:51,,
54.37,,72196.29,140.77,Up-sized asymmetric firmware,,2016-06-25 18:17:53,North America,1.0
82.79,32.0,54429.17,234.81,Distributed fault-tolerant service-desk,1.0,,Europe,0.0
66.47,31.0,,256.39,,1.0,,Asia,0.0
72.88,44.0,64011.26,,Customer-focused explicit challenge,0.0,,,1.0
76.44,28.0,59967.19,232.68,Synchronized human-resource moderator,1.0,2016-04-06 17:26:37,North America,0.0
63.37,43.0,43155.19,105.04,Open-architected full-range projection,1.0,2016-03-23 12:53:23,North America,
89.71,,51501.38,204.4,Versatile local forecast,1.0,,Asia,0.0
,31.0,,,Ameliorated user-facing help-desk,0.0,2016-06-26 07:01:47,Europe,0.0
35.79,44.0,33813.08,165.62,Enterprise-wide tangible model,1.0,2016-04-20 13:36:42,North America,1.0
38.96,38.0,36497.22,140.67,Versatile mission-critical application,,2016-07-21 16:02:40,,1.0
69.17,40.0,66193.81,123.62,Extended leadingedge solution,0.0,2016-03-06 11:36:06,Asia,1.0
64.2,,66200.96,227.63,Phased zero tolerance extranet,1.0,2016-02-11 23:45:01,,0.0
43.7,28.0,63126.96,173.01,Front-line bifurcated ability,0.0,,North America,1.0
72.97,,71384.57,208.58,Fundamental modular algorithm,1.0,2016-02-11 21:49:00,,1.0
,45.0,67782.17,134.42,Grass-roots cohesive monitoring,1.0,2016-04-22 02:07:01,Europe,1.0
51.63,51.0,42415.72,120.37,Expanded intangible solution,1.0,2016-02-01 17:24:57,Asia,
55.55,19.0,,187.95,Proactive bandwidth-monitored policy,,,North America,
45.01,26.0,29875.8,178.35,Virtual 5thgeneration emulation,0.0,2016-06-03 21:43:21,Europe,1.0
